id,code,name,old_hsn,new_hsn,old_mrp,new_mrp,old_sale_price,new_sale_price,old_purchase_price,new_purchase_price,old_tax_pct,new_tax_pct
53,8996001312506,MALKIST CHEESE CRACKRS FMLY PACK144G,19053100,19053100,45.00,45.00,45.00,45.00,36.00,36.00,12.00,5.00
75,8909250001107,JOJOBA F/W 120GM,3304,3304,229.50,270.00,229.50,255.00,191.30,234.78,18.00,18.00
77,8909250000568,WG NIGHT CREAM 60GM,3304,3304,445.50,495.00,445.50,420.00,371.30,396.00,18.00,18.00
79,8909250000452,SPF 50 50GM,3304,3304,391.50,450.00,391.50,400.00,326.30,371.74,18.00,18.00
131,8909106050945,KNORR GREEN CHILLI SAUCHE 90G,21039020,21039020,25.00,25.00,25.00,25.00,20.90,22.94,18.00,5.00
133,8909106050921,KN0RR RED CHILLI SAUCH 90G,21039020,21039020,25.00,25.00,25.00,25.00,22.90,22.94,18.00,5.00
135,8909106049697,GLOW & LOVELY RE-NEW BRIGHT 80GM,33049990,33049990,205.00,211.00,205.00,205.00,191.80,191.82,18.00,18.00
157,8909106043916,HORLICKS POUCH 450G VANILLA,19011090,19011090,215.00,220.00,215.00,215.00,202.00,201.67,18.00,18.00
169,8909106035980,SURF EXCEL EASY WASH 99/-,34025000,34025000,95.00,99.00,95.00,95.00,84.30,84.30,18.00,18.00
174,8909106035744,DOVE  HAIR FALL RESCUE SHAMPO 180ML,33051090,33051090,163.40,172.00,163.40,160.00,132.00,148.55,18.00,5.00
194,8909106031128,PEPSODENT 2IN 1150G,33061020,33061020,110.00,115.00,110.00,110.00,104.50,80.55,18.00,5.00
195,8909106031111,PEPSODENT 2IN1 80G,33061020,33061020,60.00,61.00,60.00,60.00,55.40,55.46,18.00,5.00
213,8909106025554,SURF EXCEL EASY WASH 1KG,34025000,34025000,135.00,140.00,135.00,135.00,125.30,127.78,18.00,18.00
227,8909106022874,VIM NEW 100+ 500ML,34025000,34025000,90.00,99.00,90.00,90.00,80.00,91.60,18.00,18.00
254,8909106010406,PEPSODENT GUMCARE 70G,33061020,33061020,61.00,66.00,61.00,65.00,55.40,60.00,18.00,5.00
283,8909081010170,TEDHE MEDHE XTRAA TEEKHA 20/-,21069099,21069099,20.00,20.00,20.00,20.00,18.00,16.10,12.00,5.00
307,8909081006869,CANDYMAN FRUITEE FUN,17049020,17049020,65.00,70.00,65.00,65.00,60.00,60.00,18.00,5.00
313,8909081005381,AASHIRVAAD MANGO LASSI 20/-,04039090,04039090,20.00,20.00,20.00,20.00,17.50,16.97,5.00,5.00
319,8909081004841,B NATURAL SHIN CHAN MANGO 10/-,22029920,22029920,10.00,10.00,10.00,10.00,9.00,7.49,12.00,5.00
351,89080795,MAGGI MASALA & MAGIC 5/-,09109100,09109100,5.00,5.00,5.00,5.00,4.00,4.50,18.00,5.00
354,89080528,NESCAFE ICED LATTE CAN 50/-,22029930,22029930,50.00,50.00,50.00,50.00,44.44,44.45,18.00,5.00
421,8908001158312,FOOG ROYAL,33072000,33072000,213.75,213.75,213.75,213.75,147.00,147.46,18.00,18.00
448,8908000295988,SWEET N SOUR 25G,210690,210690,10.00,10.00,10.00,10.00,8.00,8.00,18.00,5.00
451,8908000295902,LITE CHIRA 200G,210690,210690,57.00,60.00,57.00,57.00,43.90,48.00,5.00,5.00
453,8908000295780,MUKHAROCHAK SPECIAL PAPRI 400G,210690,210690,120.00,128.00,120.00,125.00,97.90,110.40,18.00,5.00
460,8908000295223,MUKHOROCHAK SALTY PEANUT 200G,21061000,21061000,67.00,70.00,67.00,67.00,55.90,56.00,18.00,5.00
468,8908000295049,SWEET N SOUR 200G,210690,210690,35.00,36.00,35.00,35.00,29.60,28.80,18.00,5.00
470,8908000295018,MUKHOROCHAK 100G,21069099,21069099,35.00,35.00,35.00,35.00,29.60,28.80,18.00,5.00
484,8907083131022,MAKHANA PERI PERI MASALA 12G,NA,NA,20.00,20.00,20.00,20.00,18.00,17.00,5.00,5.00
487,8907065243040,PURAMATE BAKING POWDER 400G,NA,NA,80.00,85.00,80.00,80.00,68.00,72.25,18.00,5.00
551,8906130900079,ORION CHOCOPIE,19059090,19059090,9.00,9.00,9.00,9.00,8.00,6.87,18.00,5.00
633,8906069570022,SATEYENDRA SATTO 500 GM,11063090,11063090,92.00,92.00,82.00,82.00,73.50,71.00,5.00,0.00
634,8906069570015,SALYENDRA SATTO 100,11063090,11063090,37.00,37.00,35.00,35.00,29.20,29.20,5.00,0.00
700,8906032016571,NUTRELA SOYA CHUNKS 200GM,21061000,21061000,47.00,50.00,47.00,47.00,40.00,38.10,5.00,5.00
729,8906016579993,HOE LITE MATCHIS BOX 10/-,NA,NA,10.00,10.00,10.00,10.00,7.00,7.88,5.00,5.00
811,8906008812824,FORTUNE INDORI POHA 500GM,19041020,19041020,65.00,75.00,65.00,65.00,45.10,42.99,5.00,5.00
813,8906008812084,FORTUNE SUJI 200G,11031120,11031120,15.00,20.00,15.00,16.00,10.70,11.00,5.00,5.00
820,8906007285018,FORTUNE CHANA BESAN 500GM,11063090,11063090,65.00,85.00,65.00,65.00,54.00,54.99,5.00,5.00
821,8906007285001,FORTUNE CHANA 200G,11063090,11063090,30.00,35.00,30.00,30.00,24.00,22.99,18.00,5.00
827,8906007280952,FORTUNE KACHI GHANI MUSTARD OIL 1L,15159040,15159040,170.00,205.00,170.00,175.00,166.00,169.99,5.00,5.00
1162,8904035425178,JOY VITAMIN C GOLW FACEWASH 150ML,34013090,34013090,225.25,285.00,225.25,250.00,132.50,213.74,18.00,18.00
1163,8904035425154,JOY UBTAN TAN REMOVAL 150ML,,,251.75,2855.00,251.75,250.00,0.00,213.74,18.00,18.00
1164,8904035423501,JOY ACTIVATED CHARCOAL FACE  WASH 50ML,34013090,34013090,90.00,99.00,90.00,90.00,74.20,74.25,18.00,18.00
1166,8904035421811,JOY PURE NEEM SKIN PUREFYNG 150ML,34013090,34013090,195.50,255.00,195.50,240.00,115.00,191.24,18.00,18.00
1168,8904035420807,JOY SKIN FRUITS FACE WASH 150ML,33049990,33049990,245.00,255.00,245.00,245.00,1225.60,191.24,18.00,18.00
1169,8904035420784,JOY SPOTS &TAN CLAR FACE WASH PAPAYA 50ML,34013090,34013090,80.00,90.00,80.00,80.00,67.50,67.50,18.00,18.00
1172,8904035417005,JOY PURE NEEM FACE WASH 50ML,,,80.00,78.00,80.00,75.00,63.75,63.75,18.00,18.00
1206,8904009605193,HUGGIES L9-14 KG 7PANTS,,,87.40,92.00,87.40,87.40,64.00,67.48,12.00,5.00
1207,8904009605186,HUGGIES NB 17+5 PANTS,10035527,10035527,175.75,185.00,175.75,175.75,135.60,135.67,12.00,5.00
1209,8904009604950,HUGGIES XL 5PANTS,96190030,96190030,79.80,84.00,79.80,79.80,61.60,61.60,12.00,5.00
1228,8904006314661,SECRET AURA 150ML,3307,3307,187.00,220.00,187.00,187.00,130.00,130.09,18.00,18.00
1229,8904006313992,OURA GEL POCKET 4 40G,,,220.00,260.00,220.00,220.00,169.56,143.70,18.00,18.00
1256,8904006307526,WILD STONE SHAVING CREAM 78G,,,65.00,67.00,65.00,65.00,49.31,46.90,18.00,5.00
1262,8904006306833,WILD STONE RED POCKET,3307,3307,70.00,70.00,70.00,65.00,60.80,51.69,18.00,18.00
1265,8904006306598,WILD STONE EDGE 50ML,3303,3303,361.25,425.00,361.25,361.25,240.00,221.75,18.00,18.00
1273,8904006304990,WILD STONE  SOAP 300G,3401,3401,103.00,107.00,103.00,103.00,93.30,88.94,18.00,5.00
1274,8904006304983,WILD STONE SOPE 500G,3401,3401,165.00,174.00,165.00,160.00,151.80,144.62,18.00,5.00
1288,8904006302620,WILD STONE SHAVING CREAM 30G,3307,3307,35.00,36.00,35.00,35.00,29.00,27.42,18.00,5.00
1289,8904006302521,WILD STONE CHROME PERFUME,96032900,96032900,233.75,275.00,233.75,233.75,185.30,185.33,18.00,18.00
1294,8904006302439,WILD STONE ULTRA SENSUAL 50ML,3303,3303,361.25,425.00,361.25,361.25,240.00,221.73,18.00,18.00
1414,8901905022291,MONGINIS CHEESE STRAW PREMIUM  QUALITY 175G,19059020,19059020,58.00,60.00,58.00,58.00,49.60,49.68,12.00,5.00
1421,8901905021300,MONGINIS SWISS ROLL STAAWBERRY CAKE 100G,19059010,19059010,45.00,40.00,45.00,40.00,31.08,33.12,18.00,5.00
1426,8901905020716,MONGINIS MUFFINS FRUIT CAKE 10/-,19059010,19059010,10.00,10.00,10.00,10.00,8.20,8.29,18.00,5.00
1427,8901905020693,MONGINIS CHOCOLATE CAKE 10/-,19059010,19059010,10.00,10.00,10.00,10.00,8.20,8.29,18.00,5.00
1430,8901905000312,MONGINIS SLICE CAKE CHOCOLATE 30G,19059010,19059010,10.00,10.00,10.00,10.00,9.00,8.29,28.00,5.00
1431,8901905000299,MONGINIS SLICE CAKE VANILLA 30G,19059010,19059010,10.00,10.00,10.00,10.00,9.00,8.29,28.00,5.00
1432,8901888090348,REAL FRUIT POWER ORANGE 1L,22029920,22029920,115.00,122.00,115.00,115.00,97.40,97.45,12.00,5.00
1433,8901888040350,REAL MIXED FRUIT 1L,NA,NA,115.00,122.00,115.00,115.00,99.00,97.45,12.00,5.00
1434,8901888030351,REAL FRUIT PINEAPPLE 1L,22029920,22029920,120.00,130.00,120.00,120.00,99.54,103.84,12.00,5.00
1444,8901888004833,REAL FRUIT MOSAMBI 1L,22029920,22029920,115.00,122.00,115.00,115.00,97.40,97.45,12.00,5.00
1445,8901888002563,REAL FRUIT POWER GRAPE,220299220,220299220,115.00,120.00,115.00,115.00,95.80,95.86,12.00,5.00
1446,8901888000347,REAL FRUIT CRANBERRY 1L,22029920,22029920,125.00,132.00,125.00,125.00,105.40,111.84,12.00,5.00
1485,8901786760251,EVEREST GINGER GARLIC PASTE 5/-,21039010,21039010,5.00,5.00,5.00,5.00,4.00,3.50,5.00,5.00
1490,8901786431014,EVEREST CORIANDER POWDER,090922,090922,40.00,40.00,40.00,40.00,33.00,33.30,5.00,5.00
1492,8901786425013,EVEREST  TURMERIC POWDER 500G,091030,091030,198.00,230.00,198.00,200.00,152.90,191.50,5.00,5.00
1494,8901786421015,EVEREST TURMERIC POWDER 100G,091030,091030,45.00,46.00,45.00,45.00,38.30,38.30,5.00,5.00
1498,8901786395019,EVEREST TIKHALAL CHILLI POWDER 500G,090422,090422,256.50,290.00,256.50,256.50,225.00,241.50,5.00,5.00
1500,8901786391011,EVEREST TIKHALAL CHILLI POWDER 100G,090422,090422,52.00,60.00,52.00,60.00,40.91,50.00,5.00,5.00
1505,8901786260508,EVEREST BLACK PEPPER 50GM,09041140,09041140,76.00,92.00,76.00,85.00,65.00,77.30,5.00,5.00
1506,8901786241019,EVEREST CUMIN POWDER 100G,090932,090932,85.00,91.00,85.00,85.00,76.50,76.50,5.00,5.00
1512,8901786140251,EVEREST SHAHI BRIYANI MASALA 25GM,NA,NA,42.00,43.00,42.00,42.00,36.00,36.10,5.00,5.00
1513,8901786130504,EVEREST SABJI MASALA 50GM,09109990,09109990,38.00,39.00,38.00,38.00,32.80,32.80,5.00,5.00
1519,8901786060504,EVEREST CHAAT MASALA 50GM,09109990,09109990,44.00,45.00,44.00,44.00,37.00,37.80,5.00,5.00
1585,8901764092800,MAAZA 250ML,22029020,22029020,20.00,20.00,20.00,20.00,17.00,17.24,28.00,28.00
1587,8901764092206,MAAZA 35/-,22029020,22029020,35.00,35.00,35.00,35.00,31.80,31.08,28.00,5.00
1594,8901764052538,LIMCA  740ML,,,35.00,35.00,35.00,35.00,31.80,31.25,28.00,40.00
1601,8901764042812,THUMS UP 740ML,22021010,22021010,35.00,35.00,35.00,35.00,31.80,31.25,28.00,40.00
1606,8901764032967,SPRITE  LEMON 740ML,,,35.00,35.00,35.00,35.00,31.80,31.25,28.00,40.00
1612,8901764022913,FANTA 250ML,22021010,22021010,10.00,20.00,10.00,10.00,8.00,17.61,28.00,40.00
1674,8901748009299,KASOORI METHI PACKET 10/-,09093000,09093000,10.00,10.00,10.00,10.00,8.00,8.00,18.00,5.00
1695,8901725961213,NIMYLE NEEM CITRO 890ML,38089400,38089400,103.00,110.00,103.00,105.00,92.00,92.00,18.00,18.00
1696,8901725961206,NIMYLE WHITE 500ML,38089400,38089400,63.00,64.00,63.00,63.00,52.40,53.53,18.00,18.00
1705,8901725928476,FIAMA SHOER GEL PATCHOULI N MACADAMIA 250ML,34022090,34022090,189.05,199.00,189.05,189.05,0.00,97.69,18.00,5.00
1706,8901725928377,FIAMA SHOWER GEL BLACK CURRENT 250ML,34013090,34013090,120.00,149.00,120.00,120.00,81.20,98.88,18.00,5.00
1707,8901725928070,FIAMA PEACH &AVOCADO SHOWER GEL 250ML,33073090,33073090,120.00,149.00,120.00,120.00,81.20,98.88,18.00,5.00
1717,8901725121143,AASHIRVAAD SHUDH CHAKKI ATTA 1KG,11010000,11010000,55.00,56.00,55.00,55.00,50.00,46.48,5.00,5.00
1718,8901725121129,AASHIRVAAD SHUDH CHAKKI ATTA 5KG,11010000,11010000,240.00,283.00,240.00,240.00,284.50,229.30,5.00,5.00
1719,8901725118921,BINGO TEDHE MEDHE MASALA TADKA,21069099,21069099,20.00,20.00,20.00,20.00,15.00,16.10,12.00,5.00
1739,8901725016265,DARK FANTASY  BOURBON 63G,19053100,19053100,10.00,10.00,10.00,10.00,9.00,8.87,18.00,5.00
1751,8901725013790,BINGO MAD ANGLES MASALA 20/-,21069099,21069099,20.00,20.00,20.00,20.00,16.00,16.10,12.00,5.00
1759,8901725013684,BINGO MAD ANGLE ACHARI MASTI,21069099,21069099,20.00,20.00,20.00,20.00,15.00,16.10,12.00,5.00
1764,8901725007522,BINGO CREAM ONION 10/-,19059020,19059020,10.00,10.00,10.00,10.00,7.40,9.00,12.00,5.00
1797,8901719137068,HIDE & SEEK CHOCO CHIP,19059020,19059020,9.00,9.00,9.00,9.00,8.00,8.04,18.00,5.00
1806,8901719135156,PARLE MONACO CLASSIC MRP 40/,19059020,19059020,35.00,35.00,35.00,35.00,31.20,31.25,18.00,5.00
1809,8901719134852,PARLE G,19059020,19059020,9.00,10.00,9.00,10.00,8.10,9.18,18.00,5.00
1814,8901719130854,MELODY CHOCOLATY 45/-,18069010,18069010,45.00,45.00,45.00,45.00,40.10,40.18,18.00,5.00
1817,8901719129988,PARLE HAPPY HAPPY MRP 5/,19059020,19059020,5.00,5.00,5.00,5.00,4.00,4.46,18.00,18.00
1820,8901719123870,PARLE -G 250G,19059020,19059020,27.00,30.00,27.00,27.00,24.20,27.27,18.00,5.00
1824,8901719121661,PARLE 20-20 BUTTER COOKIES  150G,19059020,19059020,22.00,22.00,22.00,22.00,19.80,19.65,18.00,5.00
1825,8901719119903,TOP RICH BUTTERY CRACKERS 250G,19059020,19059020,30.00,30.00,30.00,30.00,26.80,26.80,18.00,5.00
1826,8901719119385,PARLE 20-20 NICE MRP 9/-,19059020,19059020,9.00,9.00,9.00,9.00,8.00,8.03,18.00,18.00
1827,8901719119293,ORANGE BITE,,,50.00,47.00,50.00,45.00,39.00,39.34,18.00,5.00
1834,8901691024752,EVEREADY ULTIMA AAA,NA,NA,22.00,25.00,22.00,22.00,13.00,15.10,18.00,18.00
1835,8901691024745,EVEREADY ULTIMA AA,NA,NA,22.00,25.00,22.00,22.00,13.27,15.10,18.00,18.00
1861,8901595863051,SMITH AND JONES PASTA MASALA 5/-,09109990,09109990,5.00,5.00,5.00,5.00,4.16,4.10,18.00,5.00
1868,8901595862740,CHING RED CHILLI SAUCE 200G,21039020,21039020,56.00,56.00,56.00,56.00,52.80,44.76,12.00,5.00
1873,8901595853908,CHINGS CHOWMEIN READY  IN 5 MINITES 140G,19021900,19021900,28.00,30.00,28.00,30.00,24.00,22.86,18.00,5.00
1885,8901571011018,SENSODYNE 3PACK 140 MRP,96032100,96032100,117.80,130.00,117.80,117.80,84.50,88.59,18.00,5.00
1894,8901571004829,SENSODYNE REPID RELIEF S,330610,330610,105.00,107.00,105.00,105.00,93.00,93.04,18.00,5.00
1895,8901571004614,SENSODYNE  GEL 75g  L,330610,330610,117.80,135.00,117.80,130.00,84.50,117.39,18.00,5.00
1896,8901571004102,SENSODYNE  MINT 40g  S,330610,330610,80.00,84.50,80.00,80.00,73.40,73.47,18.00,5.00
1897,8901571004096,SENSODYNE  MINT 75g  L,330610,330610,120.00,135.00,120.00,130.00,115.00,117.39,18.00,5.00
1898,8901571004089,SENSODYNE  GEL 40g  S,330610,330610,80.00,85.00,80.00,80.00,73.40,73.91,18.00,5.00
1912,8901542016226,GLUCON D PL 100GM,170230,170230,38.00,39.00,38.00,38.00,31.27,32.03,18.00,5.00
1917,8901542002052,GLUCON D PL 200GM,170230,170230,75.05,75.00,75.05,75.05,61.36,61.60,18.00,5.00
1919,8901542002014,GLUCON D ORANGE 500GM  PKT,17023020,17023020,204.25,215.00,204.25,200.00,172.76,176.60,18.00,5.00
1925,8901542001628,GLUCON-D NIMBU PANI 1KG,,,388.55,409.00,388.55,388.55,328.60,336.00,18.00,5.00
1930,8901542000546,GLUCON -D REGULAR 1KG,17023020,17023020,255.55,269.00,255.55,255.55,216.16,220.96,18.00,5.00
1934,8901542000065,COMPLAN KESAR BADAM 360/-,19011090,19011090,307.80,324.00,307.80,305.00,287.01,289.97,12.00,5.00
1937,8901531700341,SUTHOL CHANDAN SPAY 100ML,300490,300490,85.50,90.00,85.50,85.50,71.12,71.72,18.00,5.00
1939,8901531700327,SUTHOL NEEM LIQUD 200ML,30049011,30049011,80.75,85.00,80.75,80.75,72.24,72.24,18.00,5.00
2128,8901396602125,DETTOL ICY COOL 100G,34011190,34011190,177.00,182.00,177.00,177.00,162.60,162.62,18.00,5.00
2137,8901396528456,MORTEIN  SMART PROTECTION,38089191,38089191,98.00,100.00,98.00,98.00,84.00,84.54,18.00,18.00
2138,8901396528432,MORTEIN LIQUID COMBO,38089191,38089191,170.00,180.00,170.00,170.00,148.00,153.81,18.00,18.00
2139,8901396528388,M0RTEIN SMART +OIL,38089191,38089191,83.00,85.00,83.00,83.00,71.00,72.64,18.00,18.00
2152,8901396389699,DETTOL SENSITIVE HAND WASH  675ML,34013090,34013090,108.00,109.00,108.00,105.00,96.00,95.63,18.00,18.00
2153,8901396389682,DETTOL SKINCARE HAND WASH  675ML,34013090,34013090,108.00,109.00,108.00,105.00,96.00,95.63,18.00,18.00
2154,8901396389675,DETTOL ORIGINAL HAND WASH 650ML,34013090,34013090,98.00,99.00,98.00,95.00,87.00,86.85,18.00,18.00
2168,8901396350101,DETTOL  60ML,30049099,30049099,39.42,41.49,39.42,39.42,36.33,36.39,18.00,5.00
2177,8901396174400,HARPIC 900ML,38089400,38089400,190.00,195.00,190.00,190.00,167.00,171.95,18.00,18.00
2310,8901277020529,PARK AVENUE TUSCANY BLOOM 120ML,33030090,33030090,191.25,225.00,191.25,200.00,150.00,150.42,18.00,18.00
2311,8901277020505,PARK AVENUE ATLANTIC WAVE 120ML,33030090,33030090,191.25,225.00,191.25,210.00,151.00,200.00,18.00,18.00
2313,8901277019776,PARK AVENUE POCKET PERFUME VOYAGE,NA,NA,65.00,70.00,65.00,65.00,40.00,39.07,18.00,18.00
2337,8901277012449,PARK AVENUE GOOD MORNING SHAVING CREAM,3307,3307,73.00,65.00,73.00,65.00,58.13,54.70,18.00,18.00
2338,8901277012401,PARK AVENUE CLASSIC SHVING CREAM,3307,3307,73.00,65.00,73.00,60.00,58.13,54.60,18.00,18.00
2341,8901277007087,PARK AVENUE GM,3303,3303,191.25,225.00,191.25,200.00,123.00,120.00,18.00,18.00
2355,8901262200189,AMUL LASSI 200ML,0403,0403,20.00,20.00,20.00,20.00,18.00,18.00,5.00,0.00
2357,8901262180016,AMUL MALAI PANEER 200G,0406,0406,93.00,95.00,93.00,93.00,84.70,84.70,5.00,5.00
2358,8901262152242,AMUL KOOL BADAM FLAVOUR,80402,80402,25.00,25.00,25.00,25.00,22.33,22.25,12.00,0.00
2359,8901262152235,AMUL KOOL ROSE FLAVOUR,90402,90402,25.00,25.00,25.00,25.00,22.33,22.25,12.00,0.00
2360,8901262152211,AMUL KOOL KESAR 180ML,0402,0402,25.00,25.00,25.00,25.00,22.25,22.25,12.00,5.00
2361,8901262151931,AMUL KADHAI DOODH  200ML,0402,0402,25.00,25.00,25.00,25.00,22.20,22.25,12.00,0.00
2362,8901262151863,AMUL FRESH CREAM 250ML,0401,0401,70.00,72.00,70.00,70.00,65.10,66.96,5.00,0.00
2363,8901262151696,AMUL LASSI 25/-,04039010,04039010,25.00,25.00,25.00,25.00,22.50,22.50,5.00,0.00
2365,8901262151375,AMUL COOL KESAR 180ML,0402,0402,20.00,20.00,20.00,20.00,17.80,17.80,12.00,0.00
2367,8901262150989,AMUL GOLD 1L,0401,0401,80.00,83.00,80.00,80.00,75.20,78.00,5.00,5.00
2368,8901262150477,AMUL KOOL COFE MILK COFFEE 200ML,0402,0402,25.00,25.00,25.00,25.00,22.20,22.25,12.00,5.00
2369,8901262150064,AMUL TAZA 1L,0401,0401,75.00,75.00,75.00,75.00,70.50,72.38,5.00,0.00
2373,8901262120005,AMUL MITHAI MATE 200GM,04022920,04022920,64.00,64.00,64.00,64.00,58.20,58.24,12.00,5.00
2376,8901262090346,Amulya Dairy Whitener 200GM,0402,0402,96.00,99.00,96.00,95.00,92.20,92.27,12.00,5.00
2379,8901262080279,AMULSPRAY 10/-,04022990,04022990,10.00,10.00,10.00,10.00,9.20,9.25,12.00,0.00
2380,8901262080118,AMULSPRAY 200GM,04022990,04022990,95.00,103.00,95.00,101.00,90.00,96.00,12.00,0.00
2396,8901262020046,AMUL CHEESE SLICE  100G,0406,0406,80.00,82.00,80.00,82.00,73.40,75.27,28.00,5.00
2398,8901262020015,AMUL CHEESE  SLICES 200G,0406,0406,140.00,140.00,140.00,140.00,136.78,128.52,12.00,5.00
2400,8901262010320,AMUL BUTTER 200G,0405,0405,115.00,118.00,115.00,115.00,108.08,108.09,12.00,0.00
2401,8901262010023,AMUL BUTTER 500GM,0405,0405,280.00,295.00,280.00,285.00,261.00,270.22,12.00,0.00
2402,8901262010016,AMUL BUTTER 100G,0405,0405,58.00,60.00,58.00,60.00,53.10,54.96,12.00,0.00
2443,8901248121088,NAVRATAN POWDER 100GM Free,330491,330491,104.50,105.00,104.50,100.00,94.40,88.77,18.00,5.00
2445,8901248114233,FAST RELIEF,30049011,30049011,66.50,66.00,66.50,65.00,9.80,55.67,18.00,5.00
2449,8901248104807,NAVRATNA OIL 180ML,300490,300490,145.00,145.00,147.25,140.00,138.88,126.82,18.00,5.00
2464,8901247574908,STREAX SHAMPOO HAIR COLOR DARK BROWN,NA,NA,19.00,22.00,19.00,20.00,15.00,17.00,18.00,18.00
2476,8901247571457,STREAX REDDISH HAIR  COLOUR,33059040,33059040,88.00,90.00,88.00,85.00,72.00,73.93,18.00,18.00
2484,8901247571013,VASMOL 33  L,330590,330590,61.75,65.00,61.75,61.75,56.00,56.00,18.00,18.00
2504,8901207503801,ODOMOS 100GM,380891,380891,123.50,130.00,123.50,120.00,103.84,104.00,18.00,18.00
2519,8901207046940,HAJMOLA MR AAM,30049011,30049011,67.00,65.00,67.00,67.00,52.00,53.97,18.00,5.00
2524,8901207045370,DUBUR HONEY  50G,04090000,04090000,43.00,45.00,43.00,43.00,34.00,35.18,5.00,5.00
2527,8901207043475,ODONIL GEL POCKET FLORAL 10GM,33074900,33074900,57.00,60.00,57.00,57.00,44.30,40.91,18.00,18.00
2528,8901207043468,ODONIL GEL POCKET CITRUS BLO0M  10G,33074900,33074900,57.00,60.00,57.00,57.00,44.30,40.91,18.00,18.00
2529,8901207042454,ODONIL AIR FRESHENR 288 G,33074900,33074900,294.50,310.00,294.50,294.50,201.60,211.37,18.00,18.00
2531,8901207040818,DABUR GULABARI 400GM,33030020,33030020,120.00,135.00,120.00,120.00,90.90,96.43,18.00,18.00
2532,8901207040801,GULABARI 250ML,330300,330300,92.00,92.00,92.00,90.00,73.16,73.11,18.00,18.00
2533,8901207040795,GULABARI 120ML,330300,330300,54.00,54.00,54.00,54.00,42.78,42.91,18.00,18.00
2564,8901207027420,DABUR RED 300G,33061020,33061020,183.60,222.00,183.60,200.00,129.00,143.29,18.00,5.00
2566,8901207027321,DABUR RED PEST 135/-,33061020,33061020,128.25,135.00,128.25,130.00,117.80,117.82,18.00,5.00
2571,8901207025365,DABUR HONEY 250G,04090000,04090000,120.00,125.00,120.00,120.00,102.00,103.41,5.00,5.00
2574,8901207021220,REAL FRUIT APPLE 1L,22029920,22029920,109.00,108.00,109.00,100.00,88.55,86.28,12.00,5.00
2582,8901207005374,DABUR HONEY 1OOG,04090000,04090000,65.00,70.00,65.00,65.00,49.60,53.03,5.00,5.00
2585,8901207004421,REAL FRUIT POMEGRANATE  1L,22029920,22029920,115.00,122.00,115.00,115.00,97.40,97.45,12.00,5.00
2586,8901207004414,REAL FRUIT POWER LITCHI,220299220,220299220,115.00,117.00,115.00,115.00,93.50,93.46,12.00,5.00
2650,8901138837518,HIMALAYA BABY GIFT PACK 5,330499,330499,255.55,269.00,255.55,255.55,203.30,205.58,18.00,18.00
2651,8901138837051,HIMALAYA TAN REMOVAL ORANGE FACEWASH,NA,NA,110.00,115.00,110.00,110.00,94.00,94.11,18.00,18.00
2673,8901138822231,HIMALAYA BABY SOAP 75G,34011110,34011110,60.00,62.00,60.00,60.00,47.30,47.39,18.00,5.00
2692,8901138511838,H.B.SOAP,34011110,34011110,60.00,62.00,60.00,60.00,46.80,47.39,18.00,5.00
2700,8901138511449,H.B.SHAMPOO 100ML,34011110,34011110,100.00,106.00,100.00,100.00,80.10,81.00,18.00,18.00
2708,8901138011055,HIMALAYA ALOE VERA FACE WASH 50ML,33049990,33049990,95.00,95.00,95.00,95.00,81.17,86.35,18.00,18.00
2731,8901138000172,HIMALAYA POLLUTION DETOX CHARCOAL FACE WASH 100ML,,,199.50,220.00,199.50,210.00,0.00,180.01,18.00,18.00
2740,8901120141012,EVERYUTH SCRUB &FACE WASH 100G,3304,3304,105.00,110.00,105.00,105.00,97.34,95.39,18.00,18.00
2747,8901103110233,FEM BLEACH 45RS,NA,NA,42.00,45.00,42.00,42.00,37.00,29.02,18.00,18.00
2748,8901103101262,FEM BLEACH 37RS,33049990,33049990,36.00,37.00,36.00,36.00,31.00,23.87,18.00,18.00
2760,8901088726023,PARACHUTE COCONUT HAIR OIL GOLD 100ML,33059011,33059011,60.00,61.00,60.00,60.00,54.90,54.87,18.00,5.00
2761,8901088726016,PARACHUT COCONUT OIL 175ML,33059011,33059011,106.00,107.00,106.00,96.22,96.30,96.30,5.00,5.00
2782,8901088155496,SAFFOLA OATS SOFT CREAMY 500GM,11041200,11041200,95.00,99.00,95.00,95.00,81.00,82.50,18.00,5.00
2785,8901088150712,PARACHUIT GOLD COCONUT OIL,33059011,33059011,270.75,285.00,270.75,254.61,255.00,255.00,5.00,5.00
2800,8901088071277,SAFFOLA OATS SOFT & CREAMY 200GM,11041200,11041200,60.00,60.00,60.00,60.00,55.00,54.55,18.00,5.00
2814,8901088028080,NIHAR NATURALS 200ML,33059011,33059011,80.00,81.00,80.00,80.00,72.30,72.32,18.00,5.00
2886,8901063370111,BRITANNIA GOOD DAY FRUIT& NUT 20/-,19053100,19053100,20.00,20.00,20.00,20.00,18.00,17.53,18.00,5.00
2897,8901063368552,GOBBLES CAKE VANILLA CHOCO 30/-,,,30.00,30.00,30.00,30.00,26.50,26.83,18.00,5.00
2955,8901063164369,BRITANNIA TIGER KREEMZ ORANGE,19053100,19053100,5.00,5.00,5.00,5.00,4.00,4.47,18.00,5.00
2969,8901063155619,TIGER KRUNCH 68G,19053100,19053100,10.00,10.00,10.00,10.00,8.50,8.95,18.00,5.00
2972,8901063155565,TIGER KRUNCH CHOCOCNILPS  5/-,,,5.00,5.00,5.00,5.00,4.00,4.48,18.00,5.00
2977,8901063146709,WINKIN COW BOURBON SHAKE 180ML,19054000,19054000,35.00,35.00,35.00,35.00,31.50,28.81,18.00,5.00
2978,8901063146600,BRITANNIA WINKIN COLD COFFEE  180ML,19053100,19053100,37.00,37.00,37.00,37.00,31.10,29.92,18.00,5.00
2979,8901063146488,WINKIN COW VANILLA PET 180ML,19054000,19054000,37.00,35.00,37.00,35.00,31.10,28.81,18.00,5.00
2980,8901063146464,WINKIN COW STRAWBRRY PET 180ML,19054000,19054000,35.00,35.00,35.00,35.00,31.10,28.81,18.00,5.00
2981,8901063146457,WINKIN COW CHOCO PET 180 ML,19054000,19054000,37.00,35.00,37.00,35.00,25.80,28.81,18.00,5.00
2987,8901063142855,BRITANNIA NUTRI CHOICE  DIGESTIVE ZERO 100G,19053100,19053100,30.00,30.00,30.00,30.00,26.00,26.83,18.00,5.00
3000,8901063141063,PURE MAGIC CHOCO CREME 100G,19053100,19053100,30.00,31.00,30.00,31.00,26.10,27.00,18.00,5.00
3005,8901063139213,BOURBON 150 48PK RC,190531000,190531000,35.00,35.00,35.00,35.00,31.00,31.88,18.00,5.00
3006,8901063138575,NUTRI CHOICE 10,NA,NA,10.00,10.00,10.00,10.00,9.00,9.11,18.00,5.00
3007,8901063138544,BRITANNIA NUTRI CHOICE ARROWROOT,19053100,19053100,5.00,5.00,5.00,5.00,4.00,4.55,18.00,5.00
3041,8901063032989,BRITANNIA PURE MAGIC CHOCO STARS,19053100,19053100,25.00,25.00,25.00,25.00,22.00,22.36,18.00,5.00
3043,8901063032941,TREAT WAFERS CHOCO 31G 144PK,19053100,19053100,10.00,10.00,10.00,10.00,8.50,8.95,18.00,5.00
3050,8901063032446,CROISSANT COCOA GT 45G 2,19059010,19059010,20.00,20.00,20.00,20.00,14.70,18.05,18.00,5.00
3066,8901063026209,NC NATURE SPICE 300G 24PK CBB 0,19053100,19053100,45.00,45.00,45.00,45.00,39.70,40.98,18.00,5.00
3070,8901063019249,LITTLE HEARTS 30/-,19053100,19053100,30.00,30.00,30.00,30.00,22.70,27.32,18.00,5.00
3071,8901063019232,LITTLE HEARTS 10/-,04039090,04039090,10.00,10.00,10.00,10.00,9.00,9.11,18.00,5.00
3105,8901058903164,KITKAT BAR 30/-,18069010,18069010,30.00,30.00,30.00,30.00,26.00,27.00,18.00,5.00
3107,8901058901641,LACTOGEN PRO 4,19011090,19011090,427.50,450.00,427.50,427.50,412.80,412.84,18.00,5.00
3108,8901058901627,NESTLE LACTOGROW PRO 3,19011090,19011090,427.50,450.00,427.50,427.50,399.00,412.85,18.00,5.00
3127,8901058028645,CERELAC WHEAT APPLE 360G,,,266.00,280.00,266.00,266.00,256.80,256.88,18.00,5.00
3136,8901058024401,KITKAT RS-10/-,19053211,19053211,10.00,10.00,10.00,10.00,9.00,8.95,18.00,18.00
3140,8901058023763,MAGGI NOODLES 600G,NA,NA,114.00,116.00,114.00,114.00,0.00,106.42,18.00,5.00
3148,8901058020021,MUNCH NUTS MAX  37.5G,19053211,19053211,30.00,25.00,30.00,30.00,21.00,22.42,18.00,18.00
3155,8901058018608,CERELAC STG 5 GARIN FRUIT,19011090,19011090,284.05,299.00,284.05,284.05,274.00,274.31,18.00,5.00
3156,8901058018592,CERELAC STG 5 GRAIN VEG,19011090,19011090,284.05,299.00,284.05,284.05,247.30,274.31,18.00,5.00
3157,8901058018585,NASTLE  CERELAC 5GRAINS & FRUITS 300G,19011090,19011090,284.05,299.00,284.05,284.05,274.31,274.31,18.00,5.00
3158,8901058018578,CERELAC STG 4 MU FRUIT,19011090,19011090,280.25,295.00,280.25,280.25,270.64,270.64,18.00,5.00
3159,8901058018561,CERELAC STG 3 WHEAT RICE MIX VEG,19011090,19011090,275.50,290.00,275.50,275.50,266.00,266.06,18.00,5.00
3162,8901058018400,CERELAC STG4 MU DAL VEG,19011090,19011090,237.50,295.00,237.50,280.25,269.00,270.64,18.00,5.00
3166,8901058017687,MAGGI NOODLES 15/-,19023010,19023010,15.00,15.00,15.00,15.00,13.76,13.61,18.00,5.00
3170,8901058017571,CERELAC STAGE 2 RICE VEG,19011090,19011090,261.25,290.00,261.25,275.50,252.20,266.06,18.00,5.00
3178,8901058015829,CERELAC STG 1 RICE,19011090,19011090,237.50,250.00,237.50,237.50,229.30,229.36,18.00,5.00
3190,8901058010749,MAGGI 2MINUTE NOODLES  70G,19023010,19023010,58.00,58.00,58.00,58.00,51.30,51.37,18.00,5.00
3191,8901058010565,MAGGI 6 PACK B,19023010,19023010,86.00,87.00,86.00,86.00,76.10,75.39,18.00,5.00
3193,8901058009705,MASALA  VEG ATTA NOODLES 72.5G,19023010,19023010,105.00,108.00,105.00,105.00,98.10,98.18,5.00,5.00
3194,8901058009439,MUNCH 5/-,18069010,18069010,5.00,5.00,5.00,5.00,4.40,4.44,18.00,18.00
3195,8901058008906,LACTOGEN PRO 2,19011090,19011090,427.50,450.00,427.50,427.50,412.80,412.84,18.00,5.00
3196,8901058007718,NAN PRO4 FU,19011090,19011090,717.25,775.00,717.25,736.25,692.60,711.01,18.00,5.00
3197,8901058007701,NAN PRO3 FU,19011090,19011090,736.25,775.00,736.25,736.25,711.00,711.01,18.00,5.00
3232,8901052000906,TATA TEA GOLD 500GM,09024020,09024020,247.00,260.00,247.00,247.00,208.00,219.05,5.00,5.00
3233,8901052000807,TATA TEA GOLD 250GM,09024020,09024020,125.00,135.00,125.00,125.00,116.00,112.38,5.00,5.00
3248,8901030986024,HORLICKS CHOCOLATE DELIGHT 400G,19019090,19019090,151.05,159.00,151.05,151.05,147.20,144.28,18.00,5.00
3279,8901030959257,SUNLIGHT 500GM,34025000,34025000,50.00,52.00,50.00,50.00,47.40,47.43,18.00,18.00
3317,8901030922787,KISSAN MIXED FRUIT JAM 90GM,20079990,20079990,25.00,25.00,25.00,25.00,22.90,22.94,12.00,5.00
3342,8901030897542,KISSAN FRESH TOMATO KETCHUP 15/-,21032000,21032000,15.00,15.00,15.00,15.00,14.00,13.49,12.00,5.00
3351,8901030877179,RED LABEL 100G,09023020,09023020,30.00,30.00,30.00,30.00,26.00,26.79,5.00,5.00
3394,8901030815904,V-WASH  S,340220,340220,47.50,50.00,47.50,47.50,38.35,39.31,18.00,18.00
3434,8901030718946,HORLICKS BISCUIT 300G,19053100,19053100,38.00,40.00,38.00,38.00,33.50,35.36,18.00,5.00
3435,8901030718861,HORLICKS BISCUITS 75G,19053100,19053100,10.00,10.00,10.00,10.00,8.80,8.84,18.00,5.00
3467,8901030538421,VIM GEL 200ML,34025000,34025000,25.00,25.00,25.00,25.00,21.00,21.76,18.00,18.00
3544,8901014000166,NISSIN GEKI CHICKEN,19021900,19021900,52.00,52.00,52.00,50.00,42.86,42.86,18.00,5.00
3635,89006290,HAJMOLA ANARDANA BOTTLE 50N,30049011,30049011,28.00,28.00,28.00,28.00,22.50,23.25,18.00,5.00
3637,89004883,HAJMOLA PUDINA BOTTLE 50N,30049011,30049011,30.00,28.00,30.00,28.00,24.15,23.25,18.00,5.00
3638,89004876,HAJMOLA IMLI BOTTLE  50N,30049011,30049011,28.00,28.00,28.00,28.00,23.00,23.25,18.00,5.00
3639,89004869,HAJMOLA REG BOTTLE 50N,30049011,30049011,28.00,28.00,28.00,28.00,23.50,23.25,18.00,5.00
3733,7622202832857,CADBURY CELEBRATIONS  110/-,18069090,18069090,110.00,110.00,110.00,105.00,98.00,100.00,18.00,5.00
3737,7622202820823,CUDBURY FUSE 23G,18063100,18063100,20.00,20.00,20.00,20.00,18.00,17.50,18.00,5.00
3741,7622202819445,CDM CRISPELLO CHOCOLATE,18063200,18063200,10.00,10.00,10.00,10.00,8.00,8.73,18.00,5.00
3742,7622202819339,PARK MR 10/-,19053211,19053211,10.00,10.00,10.00,10.00,8.70,8.73,18.00,5.00
3743,7622202819278,5STEAR 3D 24.7G,18063100,18063100,20.00,20.00,20.00,20.00,17.80,17.86,18.00,5.00
3744,7622202819247,5 STAR OREO 20/-,18063100,18063100,20.00,20.00,20.00,20.00,17.80,17.86,18.00,5.00
3747,7622202818431,FIVESTER 5/-,18063100,18063100,5.00,5.00,5.00,5.00,0.00,4.55,18.00,5.00
3748,7622202818400,CADBARY 5 STAR,18063100,18063100,10.00,10.00,10.00,10.00,9.00,9.09,18.00,5.00
3749,7622202818363,DARRY MILK CHOCOLATE,18063200,18063200,20.00,20.00,20.00,20.00,17.00,17.68,18.00,5.00
3750,7622202818332,DARRY MILK CHOCOLATE 1,18063200,18063200,10.00,10.00,10.00,10.00,8.00,9.09,18.00,5.00
3751,7622202818301,CADBURY 5/-,180632800,180632800,5.00,5.00,5.00,5.00,4.50,4.55,18.00,5.00
3758,7622202373664,CADBURY DAIRY MILK CRISPELLO   20/-,18063200,18063200,20.00,20.00,20.00,20.00,17.10,13.71,18.00,5.00
3762,7622202346385,CDM BIG B 105G RS.98/-,18063200,18063200,98.00,98.00,98.00,98.00,87.40,86.62,18.00,5.00
3771,7622202334511,CADBURY PARK 5/-,19053211,19053211,5.00,5.00,5.00,5.00,4.00,4.41,18.00,5.00
3783,7622202326202,CDM SILK FRUIT&NUT 129G RS.2,18063200,18063200,212.00,214.00,212.00,212.00,191.00,191.07,18.00,5.00
3787,7622202326080,CDM SILK OREO 124G RS 240,18063100,18063100,228.00,214.00,228.00,205.00,190.67,191.07,18.00,5.00
3793,7622202325878,CDM SILK CHOCOLATE  55G RS.95,18063200,18063200,89.00,89.00,89.00,89.00,79.00,79.46,18.00,5.00
3795,7622202324901,DAIRY MILK CHOCOLATE  CRACKLE 36G,18063200,18063200,49.00,49.00,49.00,49.00,43.70,43.75,18.00,5.00
3796,7622202324871,CDM FRUIT & NUT 36G RS.55 MP,18063200,18063200,49.00,49.00,49.00,49.00,41.67,43.75,18.00,5.00
3797,7622202324840,CDM  FRUIT &NUT 75G,18063200,18063200,105.00,107.00,105.00,105.00,95.50,95.54,18.00,5.00
3798,7622202324819,CDM CRACKLE 36G RS.55 MP,18063200,18063200,49.00,49.00,49.00,49.00,43.70,43.75,18.00,5.00
3799,7622202324758,CDM CRISPELLO 28 X 35 G RS.45,18063200,18063200,40.00,40.00,40.00,40.00,35.00,34.29,18.00,5.00
3802,7622202324369,CHOCLAIRS GOLD,,,120.00,120.00,120.00,110.00,100.00,99.13,18.00,5.00
3807,7622202318047,FIVE STAR 33G RS.20,18063100,18063100,20.00,20.00,20.00,20.00,18.53,17.32,18.00,5.00
3825,7622202230257,CADBURY PARK PLUS 20/-,19053211,19053211,20.00,20.00,20.00,20.00,18.00,17.14,18.00,5.00
3834,7622202051647,TANG ORANGE 500G,,,145.00,150.00,145.00,145.00,129.50,129.55,18.00,5.00
3835,7622202051623,TANG MANGO 500G,,,145.00,150.00,145.00,145.00,129.50,129.55,18.00,5.00
3836,7622202051609,TANG LEMON 500G,21069050,21069050,145.00,150.00,145.00,145.00,129.50,129.55,18.00,5.00
3839,7622201763404,TANG MANGO 75G,21069050,21069050,26.00,26.00,26.00,26.00,22.40,22.45,18.00,5.00
3840,7622201763381,TANG LEMON 75G,21069050,21069050,30.00,26.00,30.00,30.00,24.20,22.45,18.00,5.00
3841,7622201763367,TANG ORANGE 75G,21069050,21069050,26.00,26.00,26.00,26.00,22.40,22.45,18.00,5.00
3842,7622201757915,CADBURY DAIRY MILK  SILK 250/-,18063200,18063200,360.00,370.00,360.00,360.00,323.70,330.36,18.00,5.00
3886,4987176388650,HEAD & SHOULDERS 2,330551090,330551090,2.00,2.00,2.00,2.00,1.00,1.46,18.00,18.00
3899,4987176351708,ARIEL PERFECTWASH 10/-,34025000,34025000,10.00,10.00,10.00,10.00,8.40,7.82,18.00,18.00
3914,4987176335142,GILLETTE GURD 52,82122011,82122011,50.00,52.00,50.00,50.00,41.50,31.86,18.00,18.00
3918,4987176324672,WHISPER XL 10PADS,96190010,96190010,66.50,70.00,66.50,66.50,39.76,54.87,18.00,0.00
3920,4987176319524,WHISPER ULTRA 160,,,150.00,160.00,150.00,152.00,120.00,125.41,18.00,0.00
3945,4987176290649,HEAD N SHOULDERS OILY STICKY DANDRUFF 72ML,33051090,33051090,75.05,79.00,75.05,75.05,55.33,58.52,18.00,18.00
3951,4987176280596,GILLETTE MEN 14,82122011,82122011,15.00,15.00,15.00,15.00,10.00,9.76,18.00,18.00
3961,4987176244987,VICKS 50GM,300490,300490,176.70,186.00,176.70,176.70,142.00,142.79,18.00,5.00
3974,4987176191205,VICKS 25GML,300490,300490,96.90,102.00,96.90,96.90,79.30,78.32,18.00,5.00
3979,4987176168405,VICKS BABYRUB 25ML,30049011,30049011,118.75,125.00,118.75,118.75,97.78,91.29,18.00,5.00
3980,4987176168399,VICKS BABYRUB 50ML,30049011,30049011,182.37,201.00,182.37,182.37,168.19,156.81,18.00,5.00
4010,4987176071460,PAMPERS HAPPY SLEEP M,,,98.00,98.00,98.00,93.00,66.33,65.74,12.00,5.00
4011,4987176071446,PAMPERS 93,,,90.00,93.00,90.00,88.35,65.00,62.39,12.00,18.00
4037,42333005,NIVEA PEARL & BEAUTY 25ML,33072000,33072000,110.00,125.00,110.00,110.00,82.90,88.50,18.00,18.00
4038,42332992,NIVEA MEN COOL KICK 25ML,,,106.25,125.00,106.25,110.00,62.50,88.50,18.00,18.00
4052,4005900738509,NIVEA MAN ACNE FACE WASH  50G,34013090,34013090,115.00,129.00,115.00,115.00,94.70,102.75,18.00,18.00
4074,4005808231423,NIVEA MAN DARK SPOT REDUCTION FACE WASH,34013090,34013090,110.00,129.00,110.00,110.00,94.70,102.75,18.00,18.00
4135,667888283545,FUN INK STAMPS,,,50.00,50.00,40.00,40.00,20.00,20.00,18.00,0.00
4140,8901571014262,SENSODYNE PRONAMEL FRESH BREATH,33061020,33061020,140.00,140.00,135.00,135.00,112.00,112.00,18.00,5.00
4141,8901571014248,SENSODYNE PRONAMEL DAILY PROTECTION,33061020,33061020,140.00,140.00,135.00,135.00,112.00,112.00,18.00,5.00
4142,8901058027587,NESTLE CEREGROW MILK & FRUIT 300G,19011090,19011090,299.00,299.00,284.05,284.05,266.08,266.09,18.00,5.00
4143,8901058023305,KITKAT DELIGHTS 112G,19053211,19053211,185.00,185.00,180.00,180.00,160.94,160.94,18.00,5.00
4144,8901719127748,KACCHA MANGOBRITE,19059020,19059020,47.00,47.00,45.00,45.00,40.88,40.89,18.00,5.00
4145,8901719132698,BLUEBERRY FLAVOURED CANDY 198G,17049020,17049020,47.00,47.00,45.00,45.00,39.34,40.88,18.00,5.00
4149,4987176356918,PAMPERS NEW BABY 40PANTS,83907877,83907877,374.00,374.00,355.20,355.20,234.46,234.46,12.00,5.00
4150,4987176303455,PAMPERS S 4-8 KG,96190030,96190030,374.00,374.00,355.30,355.30,238.46,238.46,12.00,5.00
4151,4987176339522,PAMPERS M 7-12KG,,,374.00,374.00,355.30,355.30,238.46,238.46,12.00,5.00
4152,4987176218322,PAMPERS L 9-14KG,96190030,96190030,98.00,98.00,0.00,93.00,65.74,65.74,12.00,5.00
4153,4987176071453,PAMPERS S 4-8KG,88.3,88.3,93.00,93.00,88.30,88.30,62.39,62.39,12.00,5.00
4154,4987176218346,PAMPERS XL 12-17KG,96190030,96190030,117.00,117.00,168.10,168.10,78.50,78.50,12.00,5.00
4155,4902430786645,GILLETTE  WILKINSON SWORD,82122019,82122019,15.00,15.00,15.00,15.00,9.75,9.76,18.00,18.00
4158,4987176335623,HEAD & SHOULDERS 7IN 1 SHAMPOO,33051090,33051090,79.00,79.00,75.00,75.00,69.29,69.29,18.00,5.00
4167,8901138837044,HIMALAYA TAN REMOVAL FACE WASH,33049990,33049990,220.00,220.00,110.00,210.00,180.01,180.01,18.00,18.00
4179,8901542001659,GLUCON D NIMBU PANI,17023020,17023020,215.00,215.00,200.00,200.00,176.60,176.61,5.00,5.00
4182,8901542001437,NYCIL GERM EXPERT COOL HERBAL,30049011,30049011,50.00,50.00,50.00,50.00,43.04,42.05,5.00,5.00
4184,8901058030105,CEREGROW WITH MILK & FRUITS 300G,19011090,19011090,299.00,299.00,0.00,284.00,263.34,263.34,5.00,5.00
4187,8901396388388,DETTOL SKINCARE  LIQUID HAND WASH,34013090,34013090,140.00,140.00,135.00,135.00,124.76,124.09,18.00,18.00
4188,8901396389217,DETTOL  SENSITIVE  LIQUID HANDWASH 175ML,34013090,34013090,140.00,140.00,135.00,135.00,124.76,124.09,18.00,18.00
4189,8901207500046,ODOMOS 50G,38089191,38089191,65.00,65.00,60.00,60.00,52.00,53.18,18.00,18.00
4199,8904238303303,FOGG BLACK SECRET EVENING,33072000,33072000,299.00,299.00,200.00,210.00,177.97,177.97,18.00,18.00
4206,ITMMNZPSXZR,EVEREST KASHMIRILAL 8P,09042211,09042211,10.00,10.00,10.00,10.00,4.40,8.40,5.00,5.00
4221,8901030535697,VIM BAR 10/-,34054000,34054000,10.00,10.00,10.00,10.00,8.90,8.98,18.00,18.00
4233,8901764092282,MAAZA 850ML,22029020,22029020,50.00,50.00,50.00,50.00,43.66,43.67,5.00,5.00
4243,ITMMO5WVTB2,KAJU 500GM,08013200,08013200,520.00,520.00,500.00,500.00,470.00,470.00,5.00,0.00
4244,ITMMO5WW2HP,KAJU 250GM,08013200,08013200,265.00,265.00,255.00,255.00,235.00,235.00,5.00,0.00
4245,ITMMO5WYDNX,KISHMISH 500GM,08062010,08062010,280.00,280.00,260.00,260.00,220.00,220.00,5.00,0.00
4246,ITMMO5X5I6J,ALMONDS 250GM,08062010,08062010,245.00,245.00,225.00,225.00,202.50,202.50,5.00,0.00
4256,8901262151429,AMUL KOOL CAFE,80402,80402,30.00,30.00,30.00,30.00,26.70,26.70,5.00,0.00
