 
-- MariaDB dump 10.19-11.8.6-MariaDB, for Linux (x86_64)
--
-- Host: 127.0.0.1    Database: u506999529_myshop
-- ------------------------------------------------------
-- Server version	11.8.6-MariaDB-log

/*!40101 SET @OLD_CHARACTER_SET_CLIENT=@@CHARACTER_SET_CLIENT */;
/*!40101 SET @OLD_CHARACTER_SET_RESULTS=@@CHARACTER_SET_RESULTS */;
/*!40101 SET @OLD_COLLATION_CONNECTION=@@COLLATION_CONNECTION */;
/*!40101 SET NAMES utf8mb4 */;
/*!40103 SET @OLD_TIME_ZONE=@@TIME_ZONE */;
/*!40103 SET TIME_ZONE='+00:00' */;
/*!40014 SET @OLD_UNIQUE_CHECKS=@@UNIQUE_CHECKS, UNIQUE_CHECKS=0 */;
/*!40014 SET @OLD_FOREIGN_KEY_CHECKS=@@FOREIGN_KEY_CHECKS, FOREIGN_KEY_CHECKS=0 */;
/*!40101 SET @OLD_SQL_MODE=@@SQL_MODE, SQL_MODE='NO_AUTO_VALUE_ON_ZERO' */;
/*M!100616 SET @OLD_NOTE_VERBOSITY=@@NOTE_VERBOSITY, NOTE_VERBOSITY=0 */;

--
-- Table structure for table `purchase_bills`
--

DROP TABLE IF EXISTS `purchase_bills`;
/*!40101 SET @saved_cs_client     = @@character_set_client */;
/*!40101 SET character_set_client = utf8mb4 */;
CREATE TABLE `purchase_bills` (
  `id` int(11) NOT NULL AUTO_INCREMENT,
  `distributor_id` int(11) DEFAULT NULL,
  `distributor_name` varchar(255) NOT NULL,
  `distributor_gstin` varchar(20) DEFAULT NULL,
  `bill_no` varchar(60) NOT NULL,
  `bill_date` date NOT NULL,
  `due_date` date DEFAULT NULL,
  `bill_type` varchar(10) NOT NULL DEFAULT 'GST',
  `gst_mode` varchar(15) DEFAULT 'exclusive',
  `sub_total` decimal(12,2) DEFAULT 0.00,
  `tax_total` decimal(12,2) DEFAULT 0.00,
  `grand_total` decimal(12,2) DEFAULT 0.00,
  `created_at` timestamp NOT NULL DEFAULT current_timestamp(),
  `created_by` int(11) NOT NULL,
  `updated_by` int(11) DEFAULT NULL,
  `updated_at` timestamp NULL DEFAULT NULL ON UPDATE current_timestamp(),
  `round_off_enabled` tinyint(1) DEFAULT 1,
  `round_off_diff` decimal(8,2) DEFAULT 0.00,
  `rounded_grand_total` decimal(12,2) DEFAULT 0.00,
  PRIMARY KEY (`id`),
  UNIQUE KEY `uniq_purchase_bill` (`bill_no`,`distributor_name`,`bill_date`),
  KEY `idx_purchase_bill_date` (`bill_date`),
  KEY `idx_purchase_distributor` (`distributor_name`),
  KEY `fk_purchase_distributor` (`distributor_id`),
  CONSTRAINT `fk_purchase_distributor` FOREIGN KEY (`distributor_id`) REFERENCES `distributors` (`id`) ON DELETE SET NULL
) ENGINE=InnoDB AUTO_INCREMENT=180 DEFAULT CHARSET=utf8mb4 COLLATE=utf8mb4_general_ci;
/*!40101 SET character_set_client = @saved_cs_client */;

--
-- Dumping data for table `purchase_bills`
--

SET @OLD_AUTOCOMMIT=@@AUTOCOMMIT, @@AUTOCOMMIT=0;
LOCK TABLES `purchase_bills` WRITE;
/*!40000 ALTER TABLE `purchase_bills` DISABLE KEYS */;
INSERT INTO `purchase_bills` VALUES
(92,13,'M/S DEEPSHIKA','19BXIPG3013M1ZE','1122','2026-04-05','2026-04-05','GST','exclusive',160.00,35.00,160.00,'2026-04-05 10:23:40',4,NULL,NULL,1,0.00,160.00),
(93,13,'M/S DEEPSHIKA','19BXIPG3013M1ZE','11222','2026-04-05','2026-04-05','GST','exclusive',160.00,35.00,160.00,'2026-04-05 10:24:42',4,NULL,NULL,1,0.00,160.00),
(94,14,'THE SHIBANI ENTERPRISE','19ALSP53770123','02521','2026-04-05','2026-04-05','GST','exclusive',2502.41,297.68,2800.09,'2026-04-05 13:40:06',4,NULL,NULL,1,0.91,2801.00),
(95,14,'THE SHIBANI ENTERPRISE','19ALSP53770123','011','2026-04-05','2026-04-05','NON-GST','exclusive',200.00,0.00,200.00,'2026-04-05 13:51:05',4,NULL,NULL,1,0.00,200.00),
(96,15,'P S TRADING','19BCTPK5071R1ZI','2128302','2026-04-05','2026-04-05','GST','exclusive',980.00,113.82,980.00,'2026-04-05 14:08:11',4,NULL,NULL,1,0.00,980.00),
(97,16,'BENBEST ENTERPRISES','9433745133','2294912600158','2026-04-06','2026-04-06','GST','0',2786.08,501.49,3287.57,'2026-04-06 11:39:02',4,4,'2026-04-19 16:02:30',1,0.43,3288.00),
(98,19,'SOVA AGENCY','19AHCPB9922B1ZO','1059311','2026-04-06','2026-04-06','GST','0',3175.10,151.20,3175.10,'2026-04-06 12:06:35',3,4,'2026-04-19 16:04:22',1,-0.10,3175.00),
(99,20,'FARAH TRADERS','19AHWPM5169R1ZX','ABMOO873','2026-04-06','2026-04-06','GST','0',8055.98,528.43,8584.41,'2026-04-06 13:16:14',4,3,'2026-04-09 08:27:13',1,-0.41,8584.00),
(100,21,'GHOSH AGENCY','19AOOPG0425M1ZP','1826','2026-04-07','2026-04-07','GST','0',1070.61,53.53,1124.14,'2026-04-07 08:59:49',4,3,'2026-04-09 09:53:01',1,-0.14,1124.00),
(101,22,'BR ENTERPRISE','19ADIPR2799G1ZV','AM26000794','2026-04-08','2026-04-08','GST','0',5854.73,278.80,5854.73,'2026-04-08 06:27:18',3,3,'2026-04-19 15:48:50',1,0.27,5855.00),
(102,23,'M\\S SRI SHYAM  BHANDAR','19AXNPS7731A1Z6','44','2026-04-08','2026-04-08','GST','0',640.00,30.48,640.00,'2026-04-08 06:37:36',4,3,'2026-04-09 09:51:07',1,0.00,640.00),
(103,24,'B.G DISTRIBUTORS PVT','19AACCB4807FIZV','67546','2026-04-08','2026-04-08','GST','0',5432.85,376.07,5808.92,'2026-04-08 14:08:32',4,4,'2026-04-19 16:15:54',1,0.08,5809.00),
(104,22,'BR ENTERPRISE','19ADIPR2799G1ZV','655','2026-04-08','2026-04-08','GST','0',8610.81,410.04,8610.81,'2026-04-08 14:11:47',3,1,'2026-04-08 19:17:17',1,0.19,8611.00),
(105,26,'AGARWAL TRADERS','19ABUFA8773D1ZT','262700026','2026-04-10','2026-04-10','GST','0',464.00,22.10,464.00,'2026-04-10 04:34:44',4,4,'2026-04-19 16:14:01',1,0.00,464.00),
(106,25,'SK MARKETING','19ASDPK5022D1Z4','242','2026-04-10','2026-04-10','GST','inclusive',1206.92,57.47,1206.92,'2026-04-10 04:56:53',4,NULL,NULL,1,0.08,1207.00),
(107,28,'ALPANA TRADERS','19DDLPG2746E1ZH','002/26-27','2026-04-10','2026-04-10','GST','0',1000.00,50.00,1050.00,'2026-04-10 05:06:44',4,4,'2026-04-19 16:13:22',1,0.00,1050.00),
(108,29,'SHANKAR ENTERPRISES','19BFJPK5651N1ZS','I71860127000664','2026-04-10','2026-04-10','GST','0',2255.01,317.68,2255.01,'2026-04-10 05:53:25',4,4,'2026-04-19 16:17:55',1,-0.01,2255.00),
(109,30,'SHARMILA ENTERPRISE','','158','2026-04-10','2026-04-10','GST','exclusive',741.99,37.10,779.09,'2026-04-10 06:23:18',4,NULL,NULL,1,-0.09,779.00),
(110,31,'RANJA ENTERPRISE','19AUAPD4910A1ZD','839','2026-04-10','2026-04-10','GST','0',3989.53,189.98,3989.53,'2026-04-10 07:23:17',4,4,'2026-04-19 16:19:17',1,0.47,3990.00),
(111,32,'MANSHI ENTERPRISESE','19ESVPK8654R1Z5','1140046427000377','2026-04-11','2026-04-11','GST','0',2920.51,445.50,2920.51,'2026-04-11 12:16:35',4,4,'2026-04-19 16:20:01',1,0.49,2921.00),
(112,25,'SK MARKETING','19ASDPK5022D1Z4','293','2026-04-11','2026-04-11','GST','0',5489.88,292.18,5489.88,'2026-04-11 13:23:36',3,4,'2026-04-19 16:20:50',1,0.12,5490.00),
(113,33,'TYRE HUB','19BOPPB5150Q1ZC','1/26-27/000984','2026-04-12','2026-04-12','GST','0',1057.16,190.29,1247.45,'2026-04-12 08:26:45',4,4,'2026-04-22 08:40:01',1,-0.45,1247.00),
(114,33,'TYRE HUB','19BOPPB5150Q1ZC','1/26-27/000967','2026-04-12','2026-04-12','GST','0',1568.94,78.45,1647.39,'2026-04-12 08:49:03',4,4,'2026-04-22 08:39:00',1,-0.39,1647.00),
(115,34,'BENBEST  ENTERPRISES','19BXTPK7948C1ZS','B/EV/00171/26-27','2026-04-13','2026-04-13','GST','0',3624.00,552.81,3624.00,'2026-04-13 08:13:54',4,4,'2026-04-19 16:22:16',1,0.00,3624.00),
(116,20,'FARAH TRADERS','19AHWPM5169R1ZX','ABM02257','2026-04-13','2026-04-13','GST','0',8171.02,389.10,8171.02,'2026-04-13 09:33:40',4,4,'2026-04-19 16:23:07',1,-0.02,8171.00),
(117,35,'JOY TRADING','19ALZPB5601N1ZJ','1256','2026-04-14','2026-04-14','GST','0',2319.19,110.44,2319.19,'2026-04-14 03:33:32',3,4,'2026-04-19 16:26:02',1,-0.19,2319.00),
(118,37,'SCOOTSY LOGISTICS PRIVATE LIMITED','19AAVCS1691R1Z2','RBNIN086929','2026-04-14','2026-04-14','GST','0',7100.67,991.99,7100.67,'2026-04-14 09:11:21',4,4,'2026-04-19 16:26:34',1,0.33,7101.00),
(119,21,'GHOSH AGENCY','19AOOPG0425M1ZP','S/415','2026-04-14','2026-04-14','GST','inclusive',541.26,58.36,541.26,'2026-04-14 09:26:43',4,NULL,NULL,1,-0.26,541.00),
(120,41,'JHARNA ENTERPRISE','19BXXPP5180M1ZA','JE2627472','2026-04-14','2026-04-14','GST','0',2815.16,442.85,3258.01,'2026-04-14 12:46:24',3,4,'2026-04-19 16:28:00',1,-0.01,3258.00),
(121,40,'RUDRA AGENCY','19AIYPB7977P1ZV','DIBL181852601211','2026-04-14','2026-04-14','GST','inclusive',6260.01,451.73,6260.01,'2026-04-14 12:48:34',4,NULL,NULL,1,-0.01,6260.00),
(122,43,'SHANKAR ENTERPRISES (2025-2026)','19BFJPK5651N1ZS','SCI/26-27/149','2026-04-14','2026-04-14','GST','0',1397.38,213.16,1397.38,'2026-04-14 14:45:27',4,4,'2026-04-19 16:31:39',1,-0.38,1397.00),
(123,44,'GOSWAMI COMPANY','19AIEPG2176M1ZZ','3459','2026-04-15','2026-04-15','GST','inclusive',611.72,93.31,611.72,'2026-04-15 03:32:54',3,NULL,NULL,1,0.28,612.00),
(124,13,'M/S DEEPSHIKA','19BXIPG3013M1ZE','48865','2026-04-15','2026-04-15','GST','0',591.09,29.55,620.64,'2026-04-15 06:23:47',4,4,'2026-04-19 15:57:00',1,0.36,621.00),
(125,45,'GUPTA ENTERPRISE','19BDAPG8264Q1ZW','GE26270517','2026-04-15','2026-04-15','GST','0',9049.50,452.48,9501.98,'2026-04-15 07:25:00',3,4,'2026-04-24 07:50:27',1,0.02,9502.00),
(126,22,'BR ENTERPRISE','19ADIPR2799G1ZV','1893','2026-04-16','2026-04-16','GST','inclusive',6192.32,294.87,6192.32,'2026-04-16 13:26:59',3,NULL,NULL,1,-0.32,6192.00),
(127,46,'SERA BANGLA','19ATTPM7768B1ZZ','C000048','2026-04-16','2026-04-16','GST','0',3283.92,500.94,3283.92,'2026-04-16 14:21:49',3,4,'2026-04-19 16:32:03',1,0.08,3284.00),
(128,47,'M/S KRISH DISTRIBUTORS','19ABDFK7491B1Z7','608','2026-04-16','2026-04-16','GST','0',3240.09,154.29,3240.09,'2026-04-16 15:37:35',4,4,'2026-04-19 16:31:10',1,-0.09,3240.00),
(129,48,'K.D ENTERPRISE','19ABAFKO746J1Z9','MLB146012603749','2026-04-17','2026-04-17','GST','0',1591.63,75.79,1591.63,'2026-04-17 09:30:30',4,4,'2026-04-24 07:51:56',1,0.37,1592.00),
(130,49,'KIRTIRAAJ TRADERS AND SONS','19FACPD2566K1ZI','GTL39698','2026-04-17','2026-04-17','GST','0',7584.93,817.89,7584.93,'2026-04-17 14:02:15',4,4,'2026-04-19 15:46:24',1,0.07,7585.00),
(131,51,'AMRIT ENTERPRISE','19ACBFA6926C1ZL','10068','2026-04-17','2026-04-17','GST','0',1520.00,76.00,1596.00,'2026-04-17 14:37:55',4,4,'2026-04-19 15:45:42',1,0.00,1596.00),
(156,50,'PRIMEEAST VENTURES PRIVATE LIMITED','19AAPCP3651C1ZA','C260004076','2026-04-17','2026-04-17','GST','exclusive',4738.82,236.94,4975.76,'2026-04-17 15:27:33',3,NULL,NULL,1,0.24,4976.00),
(159,15,'P S TRADING','19BCTPK5071R1ZI','26','2026-04-18','2026-04-18','GST','inclusive',722.50,34.40,722.50,'2026-04-18 07:08:16',4,NULL,NULL,1,0.50,723.00),
(160,57,'RADHE SHYAM STORES','19ABQFM1139H1ZZ','UT77900343','2026-04-18','2026-04-18','GST','exclusive',5322.48,1357.48,6679.96,'2026-04-18 09:14:11',4,NULL,NULL,1,0.04,6680.00),
(162,14,'THE SHIBANI ENTERPRISE','19ALSP53770123','00150','2026-04-18','2026-04-18','GST','0',1967.14,354.09,2321.23,'2026-04-18 09:52:44',4,4,'2026-04-24 08:33:46',1,-0.23,2321.00),
(163,60,'SOVANS DISTRIBUTION PVT LTD','19ABFCS8935B1Z4','TCC27','2026-04-18','2026-04-18','GST','0',2778.46,138.92,2917.38,'2026-04-18 12:25:37',3,4,'2026-04-19 15:42:16',1,-0.38,2917.00),
(164,33,'TYRE HUB','19BOPPB5150Q1ZC','4589','2026-04-19','2026-04-19','GST','0',4825.27,229.77,4825.27,'2026-04-19 13:51:33',3,3,'2026-04-19 14:13:14',1,-0.27,4825.00),
(165,61,'SHREE GANPATI BHANDAR','19BLYPS3004E1ZS','131','2026-04-19','2026-04-19','NON-GST','0',9960.00,0.00,9960.00,'2026-04-19 15:30:58',3,3,'2026-04-19 15:35:39',1,0.00,9960.00),
(166,20,'FARAH TRADERS','19AHWPM5169R1ZX','ABM03296','2026-04-20','2026-04-20','GST','inclusive',7325.54,348.84,7325.54,'2026-04-20 08:38:19',4,NULL,NULL,1,0.46,7326.00),
(167,40,'RUDRA AGENCY','19AIYPB7977P1ZV','DIBL181852602087','2026-04-20','2026-04-20','GST','0',3716.84,431.16,3716.84,'2026-04-20 13:37:51',3,3,'2026-04-20 13:38:04',1,0.16,3717.00),
(168,21,'GHOSH AGENCY','19AOOPG0425M1ZP','S/603','2026-04-21','2026-04-21','GST','inclusive',378.17,18.01,378.17,'2026-04-21 08:15:05',4,NULL,NULL,1,-0.17,378.00),
(169,62,'NEW MONALIS','19AKNPL7747G1ZJ','1197','2026-04-22','2026-04-22','GST','inclusive',3956.66,603.56,3956.66,'2026-04-22 12:07:19',4,NULL,NULL,1,0.34,3957.00),
(170,22,'BR ENTERPRISE','19ADIPR2799G1ZV','AM26002264','2026-04-22','2026-04-22','NON-GST','0',4954.80,0.00,4954.80,'2026-04-22 12:54:21',3,3,'2026-04-22 12:55:26',1,0.20,4955.00),
(171,22,'BR ENTERPRISE','19ADIPR2799G1ZV','3347','2026-04-22','2026-04-22','GST','0',5547.04,264.14,5547.04,'2026-04-22 14:14:59',3,4,'2026-04-24 06:49:22',1,-0.04,5547.00),
(172,63,'KGN PLASTIC','19ACSPF8078R1ZC','001','2026-04-23','2026-04-23','NON-GST','0',10484.00,0.00,10484.00,'2026-04-23 08:04:46',3,3,'2026-04-23 12:06:48',1,0.00,10484.00),
(173,29,'SHANKAR ENTERPRISES','19BFJPK5651N1ZS','171860127002215','2026-04-23','2026-04-23','GST','inclusive',684.28,104.38,684.28,'2026-04-23 12:28:41',3,NULL,NULL,1,-0.28,684.00),
(174,65,'BENGAL TOYS','','037','2026-04-23','2026-04-23','NON-GST','0',2122.00,0.00,2122.00,'2026-04-23 12:56:46',3,3,'2026-04-23 13:58:34',1,0.00,2122.00),
(175,64,'SHREE VANDANA DISTRIBUTOR','19AEMFS8885B1ZC','1862627','2026-04-23','2026-04-23','GST','0',1440.17,185.10,1625.27,'2026-04-23 13:04:05',3,3,'2026-04-23 13:31:01',1,-0.27,1625.00),
(176,66,'SHREE VIGNESH ENTERPRISES','19AJ0PG9331M1ZK','G899925000198','2026-04-23','2026-04-23','GST','exclusive',4487.61,807.77,5295.38,'2026-04-23 17:28:14',3,NULL,NULL,1,-0.38,5295.00),
(177,49,'KIRTIRAAJ TRADERS AND SONS','19FACPD2566K1ZI','GTL46305','2026-04-24','2026-04-24','GST','0',7124.33,844.03,7124.33,'2026-04-24 06:03:19',4,4,'2026-04-24 06:46:25',1,-0.33,7124.00),
(178,41,'JHARNA ENTERPRISE','19BXXPP5180M1ZA','JE/26-277788','2026-04-24','2026-04-24','GST','inclusive',1893.14,90.15,1893.14,'2026-04-24 08:56:48',4,NULL,NULL,1,-0.14,1893.00),
(179,48,'K.D ENTERPRISE','19ABAFKO746J1Z9','MLB146012605291','2026-04-24','2026-04-24','GST','inclusive',1031.37,68.19,1031.37,'2026-04-24 09:12:10',4,NULL,NULL,1,-0.37,1031.00);
/*!40000 ALTER TABLE `purchase_bills` ENABLE KEYS */;
UNLOCK TABLES;
COMMIT;
SET AUTOCOMMIT=@OLD_AUTOCOMMIT;

--
-- Table structure for table `purchase_bill_items`
--

DROP TABLE IF EXISTS `purchase_bill_items`;
/*!40101 SET @saved_cs_client     = @@character_set_client */;
/*!40101 SET character_set_client = utf8mb4 */;
CREATE TABLE `purchase_bill_items` (
  `id` int(11) NOT NULL AUTO_INCREMENT,
  `purchase_id` int(11) NOT NULL,
  `item_id` int(11) DEFAULT NULL,
  `item_name` varchar(255) NOT NULL,
  `item_code` varchar(50) DEFAULT NULL,
  `hsn` varchar(20) DEFAULT NULL,
  `batch_no` varchar(50) DEFAULT NULL,
  `exp_date` date DEFAULT NULL,
  `mrp` decimal(10,2) DEFAULT 0.00,
  `qty` decimal(10,2) DEFAULT 0.00,
  `free_qty` decimal(12,2) NOT NULL DEFAULT 0.00,
  `purchase_price` decimal(10,2) DEFAULT 0.00,
  `sale_price` decimal(10,2) DEFAULT 0.00,
  `discount` varchar(20) DEFAULT NULL,
  `tax_pct` decimal(5,2) DEFAULT 0.00,
  `amount` decimal(12,2) DEFAULT 0.00,
  `gst_flag` tinyint(1) NOT NULL DEFAULT 1,
  PRIMARY KEY (`id`),
  KEY `idx_purchase_id` (`purchase_id`),
  KEY `idx_item_code` (`item_code`),
  KEY `fk_purchase_item_master` (`item_id`),
  CONSTRAINT `fk_purchase_item_master` FOREIGN KEY (`item_id`) REFERENCES `items` (`id`) ON DELETE SET NULL,
  CONSTRAINT `fk_purchase_items_header` FOREIGN KEY (`purchase_id`) REFERENCES `purchase_bills` (`id`) ON DELETE CASCADE
) ENGINE=InnoDB AUTO_INCREMENT=1430 DEFAULT CHARSET=utf8mb4 COLLATE=utf8mb4_general_ci;
/*!40101 SET character_set_client = @saved_cs_client */;

--
-- Dumping data for table `purchase_bill_items`
--

SET @OLD_AUTOCOMMIT=@@AUTOCOMMIT, @@AUTOCOMMIT=0;
LOCK TABLES `purchase_bill_items` WRITE;
/*!40000 ALTER TABLE `purchase_bill_items` DISABLE KEYS */;
INSERT INTO `purchase_bill_items` VALUES
(252,92,1392,'BUDWEISER CAN 330ML','8902246004984','22029100','050825','2026-08-05',100.00,2.00,0.00,80.00,100.00,'',28.00,160.00,1),
(253,93,1392,'BUDWEISER CAN 330ML','8902246004984','22029100','050826','2027-08-05',100.00,2.00,0.00,80.00,100.00,'',28.00,160.00,1),
(254,94,1256,'WILD STONE SHAVING CREAM 78G','8904006307526','','BWSU0116','2028-02-01',67.00,4.00,0.00,46.90,65.00,'',5.00,187.60,1),
(255,94,1288,'WILD STONE SHAVING CREAM 30G','8904006302620','3307','BWSU0076','2028-02-01',36.00,6.00,0.00,27.42,35.00,'',5.00,164.52,1),
(256,94,1262,'WILD STONE RED POCKET','8904006306833','3307','BWMB026','2028-08-01',70.00,9.00,0.00,51.69,65.00,'',18.00,465.21,1),
(257,94,1273,'WILD STONE  SOAP 300G','8904006304990','3401','BUSFS037','2028-11-01',107.00,6.00,0.00,88.94,103.00,'',5.00,533.64,1),
(258,94,1274,'WILD STONE SOPE 500G','8904006304983','3401','busfs035','2028-10-01',174.00,2.00,0.00,144.62,160.00,'',5.00,289.24,1),
(259,94,1229,'OURA GEL POCKET 4 40G','8904006313992','','B6RCP0001','2027-12-01',260.00,6.00,0.00,143.70,220.00,'',18.00,862.20,1),
(260,95,4135,'FUN INK STAMPS','667888283545','','001',NULL,50.00,10.00,0.00,20.00,40.00,'',0.00,200.00,0),
(261,96,487,'PURAMATE BAKING POWDER 400G','8907065243040','NA','ME1824412','2027-11-01',85.00,5.00,0.00,68.00,80.00,'',5.00,340.00,1),
(262,96,508,'YELLOW FOOD COLOUR','8907065121966','NA','PM061125','2027-04-01',40.00,10.00,0.00,32.00,40.00,'',18.00,320.00,1),
(263,96,506,'PURAMATE FOOD COLOUR GREEN 30ML','8907065122000','32041989','PM220925','2027-02-01',40.00,10.00,0.00,32.00,40.00,'',18.00,320.00,1),
(383,104,3802,'CHOCLAIRS GOLD','7622202324369','','S603317','2026-12-17',120.00,3.00,0.00,99.13,110.00,'',5.00,297.39,1),
(384,104,3798,'CDM CRACKLE 36G RS.55 MP','7622202324819','18063200','A60307 B','2027-03-06',49.00,5.00,0.00,43.75,49.00,'',5.00,218.75,1),
(385,104,3762,'CDM BIG B 105G RS.98/-','7622202346385','18063200','A60322 A','2027-03-21',98.00,6.00,0.00,86.62,98.00,'',5.00,519.72,1),
(386,104,3796,'CDM FRUIT & NUT 36G RS.55 MP','7622202324871','18063200','K60308 A12','2027-03-07',49.00,5.00,0.00,43.75,49.00,'',5.00,218.75,1),
(387,104,3797,'CDM  FRUIT &NUT 75G','7622202324840','18063200','A60108 C','2027-01-07',107.00,2.00,0.00,95.54,105.00,'',5.00,191.07,1),
(388,104,3795,'DAIRY MILK CHOCOLATE  CRACKLE 36G','7622202324901','18063200','A60228','2027-02-27',49.00,5.00,0.00,43.75,49.00,'',5.00,218.75,1),
(389,104,3799,'CDM CRISPELLO 28 X 35 G RS.45','7622202324758','18063200','A60315C3301','2026-12-14',40.00,28.00,0.00,34.28,40.00,'',5.00,959.84,1),
(390,104,3825,'CADBURY PARK PLUS 20/-','7622202230257','19053211','J60301','2026-11-30',20.00,24.00,0.00,17.14,20.00,'',5.00,411.36,1),
(391,104,3742,'PARK MR 10/-','7622202819339','19053211','J60311 B2','2026-03-11',10.00,30.00,0.00,8.73,10.00,'',5.00,261.81,1),
(392,104,3741,'CDM CRISPELLO CHOCOLATE','7622202819445','18063200','A60324','2026-12-23',10.00,40.00,0.00,8.73,10.00,'',5.00,349.09,1),
(393,104,3744,'5 STAR OREO 20/-','7622202819247','18063100','M60207','2026-11-03',20.00,24.00,0.00,17.86,20.00,'',5.00,428.56,1),
(394,104,3743,'5STEAR 3D 24.7G','7622202819278','18063100','M60221','2027-02-20',20.00,24.00,0.00,17.86,20.00,'',5.00,428.56,1),
(395,104,3737,'CUDBURY FUSE 23G','7622202820823','18063100','M60317','2026-12-16',20.00,24.00,0.00,17.50,20.00,'',5.00,420.00,1),
(396,104,3758,'CADBURY DAIRY MILK CRISPELLO   20/-','7622202373664','18063200','A60119B','2026-10-18',20.00,30.00,0.00,13.71,20.00,'',5.00,411.30,1),
(397,104,3750,'DARRY MILK CHOCOLATE 1','7622202818332','18063200','D60314C1','2027-03-13',10.00,112.00,0.00,9.09,10.00,'',5.00,1018.08,1),
(398,104,3748,'CADBARY 5 STAR','7622202818400','18063100','M60315 B3','2026-12-14',10.00,40.00,0.00,9.09,10.00,'',5.00,363.64,1),
(399,104,3842,'CADBURY DAIRY MILK  SILK 250/-','7622201757915','18063200','E60113 A1','2026-10-16',370.00,4.00,0.00,330.36,360.00,'',5.00,1321.42,1),
(400,104,3751,'CADBURY 5/-','7622202818301','180632800','A60310','2027-03-09',5.00,72.00,0.00,4.55,5.00,'',5.00,327.27,1),
(401,104,3747,'FIVESTER 5/-','7622202818431','18063100','M60308','2026-12-07',5.00,54.00,0.00,4.55,5.00,'',5.00,245.45,1),
(402,99,3197,'NAN PRO3 FU','8901058007701','19011090','60750453K2','2027-01-03',775.00,2.00,0.00,711.01,736.25,'',5.00,1422.02,1),
(403,99,4142,'NESTLE CEREGROW MILK & FRUIT 300G','8901058027587','19011090','60380453A4-ZS','2027-01-02',299.00,2.00,0.00,266.09,284.05,'',5.00,532.18,1),
(404,99,3195,'LACTOGEN PRO 2','8901058008906','19011090','60630453J2','2027-01-03',450.00,2.00,0.00,412.85,427.50,'',5.00,825.70,1),
(405,99,3108,'NESTLE LACTOGROW PRO 3','8901058901627','19011090','60660453K1','2027-01-03',450.00,2.00,0.00,412.85,427.50,'',5.00,825.70,1),
(406,99,3157,'NASTLE  CERELAC 5GRAINS & FRUITS 300G','8901058018585','19011090','60360453A8-ZS','2027-01-02',299.00,1.00,0.00,274.31,284.05,'',5.00,274.31,1),
(407,99,3156,'CERELAC STG 5 GRAIN VEG','8901058018592','19011090','53410453A7-ZS','2026-01-12',299.00,1.00,0.00,274.31,284.05,'',5.00,274.31,1),
(408,99,3107,'LACTOGEN PRO 4','8901058901641','19011090','60700453K1','2027-01-03',450.00,2.00,0.00,412.85,427.50,'',5.00,825.70,1),
(409,99,3190,'MAGGI 2MINUTE NOODLES  70G','8901058010749','19023010','60822814BA','2026-01-11',58.00,4.00,0.00,51.37,58.00,'',5.00,205.48,1),
(410,99,3191,'MAGGI 6 PACK B','8901058010565','19023010','60702814TA','2026-01-11',87.00,4.00,0.00,75.01,85.00,'',5.00,300.04,1),
(411,99,3140,'MAGGI NOODLES 600G','8901058023763','NA','60142814CB','2026-01-09',116.00,6.00,0.00,106.42,114.00,'',5.00,638.52,1),
(412,99,4143,'KITKAT DELIGHTS 112G','8901058023305','19053211','5358417615','2026-02-12',185.00,6.00,0.00,160.94,180.00,'',5.00,965.64,1),
(413,99,3194,'MUNCH 5/-','8901058009439','18069010','','2026-01-10',5.00,32.00,0.00,4.44,5.00,'',18.00,142.08,1),
(414,99,3136,'KITKAT RS-10/-','8901058024401','19053211','60730454B1','2026-01-11',10.00,42.00,0.00,8.95,10.00,'',18.00,375.90,1),
(415,99,3148,'MUNCH NUTS MAX  37.5G','8901058020021','19053211','60396640RA','2026-01-10',25.00,20.00,0.00,22.42,30.00,'',18.00,448.40,1),
(447,102,484,'MAKHANA PERI PERI MASALA 12G','8907083131022','NA','','2026-07-01',20.00,12.00,0.00,17.00,20.00,'',5.00,204.00,1),
(448,102,4147,'MAKHANA RICH IN PROTEIN','8907083115022','','','2026-09-04',20.00,12.00,0.00,17.00,20.00,'',5.00,204.00,1),
(449,102,1674,'KASOORI METHI PACKET 10/-','8901748009299','09093000','K0128K2528','2026-06-01',10.00,20.00,0.00,8.00,10.00,'',5.00,160.00,1),
(450,102,4148,'BLACK PEPPER POWDER','8901748007295','','',NULL,5.00,20.00,0.00,3.60,5.00,'',5.00,72.00,1),
(458,100,1824,'PARLE 20-20 BUTTER COOKIES  150G','8901719121661','19059020','540','2026-05-01',22.00,6.00,0.00,19.65,22.00,'',5.00,117.90,1),
(459,100,1825,'TOP RICH BUTTERY CRACKERS 250G','8901719119903','19059020','502','2026-01-09',30.00,6.00,0.00,26.80,30.00,'',5.00,160.80,1),
(460,100,1806,'PARLE MONACO CLASSIC MRP 40/','8901719135156','19059020','527','2026-01-09',35.00,6.00,0.00,31.25,35.00,'',5.00,187.50,1),
(461,100,4144,'KACCHA MANGOBRITE','8901719127748','19059020','515','2027-04-02',47.00,3.00,0.00,40.89,45.00,'',5.00,122.67,1),
(462,100,1814,'MELODY CHOCOLATY 45/-','8901719130854','18069010','592','2027-01-01',45.00,6.00,0.00,40.18,45.00,'',5.00,241.08,1),
(463,100,1827,'ORANGE BITE','8901719119293','','502','2027-01-02',47.00,3.00,0.00,39.34,45.00,'',5.00,118.02,1),
(464,100,4145,'BLUEBERRY FLAVOURED CANDY 198G','8901719132698','17049020','552','2026-07-12',47.00,3.00,0.00,40.88,45.00,'',5.00,122.64,1),
(466,106,2445,'FAST RELIEF','8901248114233','30049011','CTOO72','0028-01-11',66.00,3.00,0.00,55.67,65.00,'',5.00,167.01,1),
(467,106,2449,'NAVRATNA OIL 180ML','8901248104807','300490','KT1279','0029-01-01',145.00,4.00,0.00,126.82,140.00,'',5.00,507.27,1),
(468,106,2443,'NAVRATAN POWDER 100GM Free','8901248121088','330491','YT0215','0029-01-01',105.00,3.00,0.00,88.77,100.00,'',5.00,266.32,1),
(469,106,4165,'NAVRATNA COOL TALC MINT FRESH','8901248121071','33049120','HT0203','0028-01-12',105.00,3.00,0.00,88.77,100.00,'',5.00,266.32,1),
(482,109,551,'ORION CHOCOPIE','8906130900079','19059090','B14','0026-12-11',9.00,108.00,0.00,6.87,9.00,'',5.00,741.99,1),
(559,119,1809,'PARLE G','8901719134852','19059020','','0026-12-08',10.00,12.00,0.00,9.18,10.00,'',5.00,110.12,1),
(560,119,1797,'HIDE & SEEK CHOCO CHIP','8901719137068','19059020','','0026-08-08',9.00,15.00,0.00,8.04,9.00,'',5.00,120.54,1),
(561,119,1817,'PARLE HAPPY HAPPY MRP 5/','8901719129988','19059020','','0026-12-09',5.00,48.00,0.00,4.46,5.00,'',18.00,214.20,1),
(562,119,1826,'PARLE 20-20 NICE MRP 9/-','8901719119385','19059020','','0026-12-08',9.00,12.00,0.00,8.03,9.00,'',18.00,96.40,1),
(573,121,2504,'ODOMOS 100GM','8901207503801','380891','BT00146','0027-01-09',130.00,5.00,0.00,104.00,120.00,'',18.00,519.98,1),
(574,121,2564,'DABUR RED 300G','8901207027420','33061020','BT02282','0027-01-04',222.00,3.00,0.00,143.29,200.00,'',5.00,429.88,1),
(575,121,4189,'ODOMOS 50G','8901207500046','38089191','BT00637','0028-01-08',65.00,10.00,0.00,52.00,60.00,'',18.00,520.03,1),
(576,121,2531,'DABUR GULABARI 400GM','8901207040818','33030020','BT01860','0028-01-02',135.00,3.00,0.00,96.43,120.00,'',18.00,289.29,1),
(577,121,2566,'DABUR RED PEST 135/-','8901207027321','33061020','BT02563','0028-01-01',135.00,2.00,0.00,117.82,130.00,'',5.00,235.63,1),
(578,121,2574,'REAL FRUIT APPLE 1L','8901207021220','22029920','NW00017-A1','0026-04-10',108.00,4.00,0.00,86.28,100.00,'',5.00,345.10,1),
(579,121,2586,'REAL FRUIT POWER LITCHI','8901207004414','220299220','NW01318-V','0026-09-07',117.00,4.00,0.00,93.46,115.00,'',5.00,373.84,1),
(580,121,1446,'REAL FRUIT CRANBERRY 1L','8901888000347','22029920','NB25023A/6','0026-01-06',132.00,4.00,0.00,111.84,125.00,'',5.00,447.34,1),
(581,121,1433,'REAL MIXED FRUIT 1L','8901888040350','NA','NB26005E/8','0026-01-11',122.00,4.00,0.00,97.45,115.00,'',5.00,389.81,1),
(582,121,2585,'REAL FRUIT POMEGRANATE  1L','8901207004421','22029920','RU0586','0026-12-07',122.00,4.00,0.00,97.45,115.00,'',5.00,389.81,1),
(583,121,1445,'REAL FRUIT POWER GRAPE','8901888002563','220299220','NB26005B/4','0026-01-09',120.00,4.00,0.00,95.86,115.00,'',5.00,383.43,1),
(584,121,1434,'REAL FRUIT PINEAPPLE 1L','8901888030351','22029920','B26005E/4','0026-01-09',130.00,4.00,0.00,103.84,120.00,'',5.00,415.37,1),
(585,121,1432,'REAL FRUIT POWER ORANGE 1L','8901888090348','22029920','NB2600IH/8','0026-01-07',122.00,4.00,0.00,97.45,115.00,'',5.00,389.81,1),
(586,121,1444,'REAL FRUIT MOSAMBI 1L','8901888004833','22029920','NB26003B/8','0026-01-08',122.00,4.00,0.00,97.45,115.00,'',5.00,389.81,1),
(587,121,4196,'AMULA HAIR OIL 45ML','89009536','33059011','BT01140','0029-01-02',18.00,3.00,0.00,15.46,18.00,'',5.00,46.38,1),
(588,121,3638,'HAJMOLA IMLI BOTTLE  50N','89004876','30049011','JK00619','0027-01-11',28.00,6.00,0.00,23.50,28.00,'',5.00,141.00,1),
(589,121,3637,'HAJMOLA PUDINA BOTTLE 50N','89004883','30049011','JK00451','0027-01-11',28.00,6.00,0.00,23.25,28.00,'',5.00,139.50,1),
(590,121,3639,'HAJMOLA REG BOTTLE 50N','89004869','30049011','JK01215','0027-01-12',28.00,6.00,0.00,23.25,28.00,'',5.00,139.50,1),
(591,121,3635,'HAJMOLA ANARDANA BOTTLE 50N','89006290','30049011','JK00344','0027-01-12',28.00,6.00,0.00,23.25,28.00,'',5.00,139.50,1),
(592,121,4200,'DABUR GULABARI 3IN1 100ML','8901207004094','33049990','B;JK01770','0027-01-12',99.00,2.00,0.00,67.50,90.00,'',18.00,135.00,1),
(595,123,2484,'VASMOL 33  L','8901247571013','330590','G1115','2029-01-02',65.00,2.00,0.00,56.00,61.75,'',18.00,112.00,1),
(596,123,4203,'STREAX HAIR COLOUR RICH PLATINUM','8901247572058','33059040','G001','2026-01-08',90.00,2.00,0.00,73.93,85.00,'',18.00,147.86,1),
(597,123,2476,'STREAX REDDISH HAIR  COLOUR','8901247571457','33059040','G006','2028-01-11',90.00,2.00,0.00,73.93,85.00,'',18.00,147.86,1),
(598,123,2464,'STREAX SHAMPOO HAIR COLOR DARK BROWN','8901247574908','NA','B037',NULL,22.00,12.00,0.00,17.00,20.00,'',18.00,204.00,1),
(620,126,3733,'CADBURY CELEBRATIONS  110/-','7622202832857','18069090','060319A1','2026-02-11',110.00,5.00,0.00,100.00,105.00,'',5.00,500.01,1),
(621,126,3787,'CDM SILK OREO 124G RS 240','7622202326080','18063100','I6031203','2027-11-03',214.00,5.00,0.00,191.07,205.00,'',5.00,955.36,1),
(622,126,3783,'CDM SILK FRUIT&NUT 129G RS.2','7622202326202','18063200','K60224','2027-02-02',214.00,5.00,0.00,191.07,212.00,'',5.00,955.36,1),
(623,126,3797,'CDM  FRUIT &NUT 75G','7622202324840','18063200','A60216','2027-12-02',107.00,2.00,0.00,95.54,105.00,'',5.00,191.07,1),
(624,126,3737,'CUDBURY FUSE 23G','7622202820823','18063100','M60326','2026-02-12',20.00,24.00,0.00,17.50,20.00,'',5.00,420.00,1),
(625,126,4209,'DAIRY MILK FRUIT & NUT','7622202842368','18063200','K60323','2027-02-03',100.00,3.00,0.00,89.28,100.00,'',5.00,267.84,1),
(626,126,3799,'CDM CRISPELLO 28 X 35 G RS.45','7622202324758','18063200','A60315031','2026-12-12',40.00,28.00,0.00,34.29,40.00,'',5.00,960.00,1),
(627,126,3807,'FIVE STAR 33G RS.20','7622202318047','18063100','K60216','2026-12-11',20.00,28.00,0.00,17.32,20.00,'',5.00,485.00,1),
(628,126,3749,'DARRY MILK CHOCOLATE','7622202818363','18063200','I60320B3','2027-12-03',20.00,40.00,0.00,17.68,20.00,'',5.00,707.15,1),
(629,126,3771,'CADBURY PARK 5/-','7622202334511','19053211','M60326','2026-02-12',5.00,96.00,0.00,4.41,5.00,'',5.00,423.26,1),
(630,126,3751,'CADBURY 5/-','7622202818301','180632800','A60325','2027-02-03',5.00,72.00,0.00,4.55,5.00,'',5.00,327.27,1),
(702,156,2977,'WINKIN COW BOURBON SHAKE 180ML','8901063146709','19054000','9K01A','2026-10-30',35.00,6.00,0.00,28.81,35.00,'',5.00,172.84,1),
(703,156,2980,'WINKIN COW STRAWBRRY PET 180ML','8901063146464','19054000','9K010','2026-09-20',35.00,6.00,0.00,28.81,35.00,'',5.00,172.84,1),
(704,156,2981,'WINKIN COW CHOCO PET 180 ML','8901063146457','19054000','9K01A','2026-10-21',35.00,6.00,0.00,28.81,35.00,'',5.00,172.84,1),
(705,156,2979,'WINKIN COW VANILLA PET 180ML','8901063146488','19054000','SK02A','2026-09-24',35.00,6.00,0.00,28.81,35.00,'',5.00,172.84,1),
(706,156,2978,'BRITANNIA WINKIN COLD COFFEE  180ML','8901063146600','19053100','9K01A','2026-11-14',37.00,6.00,0.00,29.92,37.00,'',5.00,179.52,1),
(707,156,3000,'PURE MAGIC CHOCO CREME 100G','8901063141063','19053100','B122506','2026-06-17',31.00,6.00,0.00,27.00,31.00,'',5.00,162.00,1),
(708,156,3066,'NC NATURE SPICE 300G 24PK CBB 0','8901063026209','19053100','B0326C4','2026-09-29',45.00,12.00,0.00,40.98,45.00,'',5.00,491.80,1),
(709,156,2987,'BRITANNIA NUTRI CHOICE  DIGESTIVE ZERO 100G','8901063142855','19053100','A022695','2026-07-09',30.00,6.00,0.00,26.83,30.00,'',5.00,160.99,1),
(710,156,2897,'GOBBLES CAKE VANILLA CHOCO 30/-','8901063368552','','1622647','2026-06-15',30.00,12.00,0.00,26.83,30.00,'',5.00,322.01,1),
(711,156,4226,'50 50 CARAMEL DIPPED SANDWICH','8901063369061','19053100','273269F','2026-11-26',50.00,3.00,0.00,44.64,50.00,'',5.00,133.92,1),
(712,156,3041,'BRITANNIA PURE MAGIC CHOCO STARS','8901063032989','19053100','A01269A','2026-07-10',25.00,12.00,0.00,22.36,25.00,'',5.00,268.32,1),
(713,156,3050,'CROISSANT COCOA GT 45G 2','8901063032446','19059010','242269G','2026-07-24',20.00,20.00,0.00,18.05,20.00,'',5.00,361.02,1),
(714,156,3043,'TREAT WAFERS CHOCO 31G 144PK','8901063032941','19053100','A022606','2026-09-09',10.00,12.00,0.00,8.95,10.00,'',5.00,107.34,1),
(715,156,3070,'LITTLE HEARTS 30/-','8901063019249','19053100','B122534','2026-06-29',30.00,6.00,0.00,27.32,30.00,'',5.00,163.92,1),
(716,156,3006,'NUTRI CHOICE 10','8901063138575','NA','A0326C4','2026-09-14',10.00,12.00,0.00,9.11,10.00,'',5.00,109.29,1),
(717,156,3005,'BOURBON 150 48PK RC','8901063139213','190531000','A042697','2026-09-30',35.00,12.00,0.00,31.88,35.00,'',5.00,382.52,1),
(718,156,2886,'BRITANNIA GOOD DAY FRUIT& NUT 20/-','8901063370111','19053100','B0226D0','2026-08-27',20.00,12.00,0.00,17.53,20.00,'',5.00,210.38,1),
(719,156,4229,'BRITANNIA NUTRI CHOICE DIGESTIVE','8901063142817','19053100','B032695','2026-09-20',25.00,9.00,0.00,22.36,25.00,'',5.00,201.24,1),
(720,156,2969,'TIGER KRUNCH 68G','8901063155619','19053100','A0426L8','2026-10-01',10.00,12.00,0.00,8.95,10.00,'',5.00,107.34,1),
(721,156,3071,'LITTLE HEARTS 10/-','8901063019232','04039090','A032634','2026-08-31',10.00,30.00,0.00,9.11,10.00,'',5.00,273.23,1),
(722,156,4230,'GOL MAAL  10','8901063367340','19053100','A0426N1','2026-09-08',10.00,6.00,0.00,8.95,10.00,'',5.00,53.67,1),
(723,156,3007,'BRITANNIA NUTRI CHOICE ARROWROOT','8901063138544','19053100','B0226L4','2026-07-18',5.00,14.00,0.00,4.55,5.00,'',5.00,63.70,1),
(724,156,2955,'BRITANNIA TIGER KREEMZ ORANGE','8901063164369','19053100','B022615','2026-07-24',5.00,12.00,0.00,4.47,5.00,'',5.00,53.67,1),
(725,156,4231,'NUTRI CHOICE DIGESTIVE SEEDS','8901063142879','19053100','A012695','2026-07-08',25.00,8.00,0.00,22.36,25.00,'',5.00,178.88,1),
(726,156,2972,'TIGER KRUNCH CHOCOCNILPS  5/-','8901063155565','','A0326L8','2026-08-04',5.00,14.00,0.00,4.48,5.00,'',5.00,62.70,1),
(727,159,487,'PURAMATE BAKING POWDER 400G','8907065243040','NA','ME0824412','2027-11-11',85.00,10.00,0.00,72.25,80.00,'',5.00,722.50,1),
(731,160,4232,'KINLEY 2L','8901764082306','22011010','BH26009KW','2027-03-20',35.00,27.00,0.00,23.18,25.00,'',5.00,625.98,1),
(732,160,1594,'LIMCA  740ML','8901764052538','','BN26062L1','2026-07-16',35.00,24.00,0.00,31.25,35.00,'',40.00,749.99,1),
(733,160,4233,'MAAZA 850ML','8901764092282','22029020','BN26044HF','2026-08-10',50.00,15.00,0.00,43.67,50.00,'',5.00,655.00,1),
(734,160,1606,'SPRITE  LEMON 740ML','8901764032967','','BN26049L2','2026-07-08',35.00,24.00,0.00,31.25,35.00,'',40.00,749.99,1),
(735,160,1612,'FANTA 250ML','8901764022913','22021010','BN26060L2','2026-07-20',20.00,30.00,0.00,17.61,10.00,'',40.00,528.26,1),
(736,160,1587,'MAAZA 35/-','8901764092206','22029020','BN26039HF','2026-08-21',35.00,24.00,0.00,31.08,35.00,'',5.00,746.00,1),
(737,160,1601,'THUMS UP 740ML','8901764042812','22021010','BN26048L2','2026-07-08',35.00,24.00,0.00,31.25,35.00,'',40.00,749.99,1),
(738,160,1585,'MAAZA 250ML','8901764092800','22029020','BN26035HF','2026-07-15',20.00,30.00,0.00,17.24,20.00,'',28.00,517.27,1),
(769,164,1751,'BINGO MAD ANGLES MASALA 20/-','8901725013790','21069099','32QP214C6','2026-09-09',20.00,6.00,0.00,16.10,20.00,'',5.00,96.57,1),
(770,164,1759,'BINGO MAD ANGLE ACHARI MASTI','8901725013684','21069099','32QR211C6','2026-09-06',20.00,6.00,0.00,16.10,20.00,'',5.00,96.57,1),
(771,164,4237,'ENGAGE CLASSIC WOODY','8901725958183','33030010','B0622722D','2029-02-01',65.00,6.00,0.00,43.33,65.00,'',5.00,259.99,1),
(772,164,4238,'DARK FANTASY BOURBON','8909081007293','19053100','2335C08','2026-07-19',53.00,3.00,0.00,24.09,53.00,'',5.00,72.27,1),
(773,164,1706,'FIAMA SHOWER GEL BLACK CURRENT 250ML','8901725928377','34013090','B040B1U','2029-01-01',149.00,6.00,0.00,98.88,120.00,'',5.00,593.28,1),
(774,164,1707,'FIAMA PEACH &AVOCADO SHOWER GEL 250ML','8901725928070','33073090','B02222A','2029-01-01',149.00,6.00,0.00,98.88,120.00,'',5.00,593.28,1),
(775,164,313,'AASHIRVAAD MANGO LASSI 20/-','8909081005381','04039090','KKML22C26','2026-10-21',20.00,60.00,0.00,16.97,20.00,'',5.00,1018.42,1),
(776,164,1705,'FIAMA SHOER GEL PATCHOULI N MACADAMIA 250ML','8901725928476','34022090','B001B1U','2028-03-01',199.00,6.00,0.00,97.69,189.05,'',5.00,586.12,1),
(777,164,1764,'BINGO CREAM ONION 10/-','8901725007522','19059020','QQ526C6','2026-09-21',10.00,12.00,0.00,9.00,10.00,'',5.00,108.00,1),
(778,164,1739,'DARK FANTASY  BOURBON 63G','8901725016265','19053100','1306A24','2026-08-04',10.00,12.00,0.00,8.87,10.00,'',5.00,106.47,1),
(779,164,1717,'AASHIRVAAD SHUDH CHAKKI ATTA 1KG','8901725121143','11010000','2N2RTD6W','2026-07-12',56.00,10.00,0.00,46.48,55.00,'',5.00,464.79,1),
(780,164,319,'B NATURAL SHIN CHAN MANGO 10/-','8909081004841','22029920','KJMN24B26','2026-11-24',10.00,20.00,0.00,7.49,10.00,'',5.00,149.87,1),
(781,164,4239,'BOUNCE ORANGE CREME 5','8909081012174','19053100','0543C30','2026-09-27',5.00,24.00,0.00,4.32,5.00,'',5.00,103.64,1),
(782,164,4240,'BOUNCE CHOCO CREME 5','8909081012150','19053100','1741B30','2026-09-26',5.00,12.00,0.00,4.32,5.00,'',5.00,51.82,1),
(783,164,729,'HOE LITE MATCHIS BOX 10/-','8906016579993','NA','1236','2029-12-01',10.00,10.00,0.00,7.88,10.00,'',5.00,78.81,1),
(784,164,4241,'CANDYMAN FRUITEE FUN','8909081006715','17049020','LWF090326C','2027-03-09',5.00,36.00,0.00,4.55,5.00,'',5.00,163.75,1),
(785,164,4242,'CANDYMAN CHOCO DOUBLE JAR','8909081012662','18069020','JEH230326','2027-03-23',289.00,1.00,0.00,221.62,250.00,'',5.00,221.62,1),
(786,164,307,'CANDYMAN FRUITEE FUN','8909081006869','17049020','LHF280825','2026-08-28',70.00,1.00,0.00,60.00,65.00,'',5.00,60.00,1),
(791,165,4243,'KAJU 500GM','ITMMO5WVTB2','08013200','','2026-08-19',520.00,5.00,0.00,470.00,500.00,'',0.00,2350.00,0),
(792,165,4244,'KAJU 250GM','ITMMO5WW2HP','08013200','','2026-08-19',265.00,10.00,0.00,235.00,255.00,'',0.00,2350.00,0),
(793,165,4245,'KISHMISH 500GM','ITMMO5WYDNX','08062010','','2026-08-19',280.00,10.00,0.00,220.00,260.00,'',0.00,2200.00,0),
(794,165,4246,'ALMONDS 250GM','ITMMO5X5I6J','08062010','','2026-08-19',245.00,8.00,0.00,202.50,225.00,'',0.00,1620.00,0),
(795,165,633,'SATEYENDRA SATTO 500 GM','8906069570022','11063090','','2026-07-06',92.00,10.00,0.00,71.00,82.00,'',0.00,710.00,0),
(796,165,634,'SALYENDRA SATTO 100','8906069570015','11063090','','2026-07-06',37.00,25.00,0.00,29.20,35.00,'',0.00,730.00,0),
(797,163,3232,'TATA TEA GOLD 500GM','8901052000906','09024020','RR20A121','2027-04-19',260.00,6.00,0.00,219.05,247.00,'',5.00,1314.30,1),
(798,163,1873,'CHINGS CHOWMEIN READY  IN 5 MINITES 140G','8901595853908','19021900','VN6C170030','2027-09-12',30.00,6.00,0.00,22.86,30.00,'',5.00,137.16,1),
(799,163,3233,'TATA TEA GOLD 250GM','8901052000807','09024020','KK20C63','2027-06-19',135.00,8.00,0.00,112.38,125.00,'',5.00,899.04,1),
(800,163,1868,'CHING RED CHILLI SAUCE 200G','8901595862740','21039020','NN6A240056','2027-07-22',56.00,2.00,0.00,44.76,56.00,'',5.00,89.52,1),
(801,163,1861,'SMITH AND JONES PASTA MASALA 5/-','8901595863051','09109990','VM6C030005V','2027-05-31',5.00,24.00,0.00,4.10,5.00,'',5.00,98.40,1),
(802,163,4235,'SMITH & JONES GINGER GARLIC PASTE','8901595862658','20019000','NN6A270005','2027-01-26',5.00,24.00,0.00,2.86,5.00,'',5.00,68.64,1),
(803,163,4236,'FRIED RICE MASALA  10','8901595972425','21039040','VN6B200010','2027-05-20',10.00,20.00,0.00,8.57,10.00,'',5.00,171.40,1),
(809,131,53,'MALKIST CHEESE CRACKRS FMLY PACK144G','8996001312506','19053100','TGR126022026','2027-02-25',45.00,20.00,0.00,36.00,45.00,'',5.00,720.00,1),
(810,131,4227,'CHOKI CHOKI 2/-PER PIECE','8996001375334','18069020','MK29036220','2027-03-28',230.00,1.00,0.00,200.00,215.00,'',5.00,200.00,1),
(811,131,4228,'KOPIKO 888G','8907459000846','17049090','MH07036140','2027-03-06',240.00,3.00,0.00,200.00,220.00,'',5.00,600.00,1),
(812,130,227,'VIM NEW 100+ 500ML','8909106022874','34025000','B575T1','2029-03-17',99.00,3.00,0.00,91.60,90.00,'',18.00,274.80,1),
(813,130,169,'SURF EXCEL EASY WASH 99/-','8909106035980','34025000','M-6B','2029-04-03',99.00,6.00,0.00,84.30,95.00,'',18.00,505.80,1),
(814,130,213,'SURF EXCEL EASY WASH 1KG','8909106025554','34025000','M-8B','2029-04-07',140.00,6.00,0.00,127.78,135.00,'',18.00,766.69,1),
(815,130,3279,'SUNLIGHT 500GM','8901030959257','34025000','M-23A','2026-03-24',52.00,6.00,0.00,47.43,50.00,'',18.00,284.58,1),
(816,130,3467,'VIM GEL 200ML','8901030538421','34025000','B623','2029-03-25',25.00,6.00,0.00,21.76,25.00,'',18.00,130.56,1),
(817,130,254,'PEPSODENT GUMCARE 70G','8909106010406','33061020','B7','2027-03-03',66.00,3.00,0.00,60.00,65.00,'',5.00,180.00,1),
(818,130,194,'PEPSODENT 2IN 1150G','8909106031128','33061020','B7','2027-03-03',115.00,3.00,0.00,80.55,110.00,'',5.00,241.64,1),
(819,130,3394,'V-WASH  S','8901030815904','340220','B002','2028-01-03',50.00,4.00,0.00,39.31,47.50,'',18.00,157.24,1),
(820,130,135,'GLOW & LOVELY RE-NEW BRIGHT 80GM','8909106049697','33049990','T4','2029-02-02',211.00,4.00,0.00,191.82,205.00,'',18.00,767.27,1),
(821,130,133,'KN0RR RED CHILLI SAUCH 90G','8909106050921','21039020','S0105B1','2026-12-08',25.00,4.00,0.00,22.94,25.00,'',5.00,91.74,1),
(822,130,4216,'KNORR RED CHILLI SAUCE 200G','8901030966149','21039020','S0322A1','2026-11-11',55.00,2.00,0.00,40.46,50.00,'',5.00,80.92,1),
(823,130,4217,'KNORR SCHEZWAN SAUCE 200G','8901030987007','21039090','DO276','2027-03-09',65.00,2.00,0.00,53.63,60.00,'',5.00,107.26,1),
(824,130,4218,'KNORR GREEN CHILLI SAUCE 200G','8901030966156','21039020','S0306C1','2026-11-07',55.00,2.00,0.00,40.46,50.00,'',5.00,80.92,1),
(825,130,4219,'KNORR DARK SOYA SAUCE 200G','8901030966132','21031000','SB533A','2026-10-30',55.00,2.00,0.00,40.46,50.00,'',5.00,80.92,1),
(826,130,4220,'KNORR PIZZA &PASTA SAUCE 200G','8901030919305','21039020','D0411','2027-03-19',60.00,2.00,0.00,49.05,55.00,'',5.00,98.09,1),
(827,130,3351,'RED LABEL 100G','8901030877179','09023020','JG1C','2027-03-18',30.00,2.00,0.00,26.79,30.00,'',5.00,53.57,1),
(828,130,131,'KNORR GREEN CHILLI SAUCHE 90G','8909106050945','21039020','S0101B1','2026-12-07',25.00,4.00,0.00,22.94,25.00,'',5.00,91.74,1),
(829,130,3434,'HORLICKS BISCUIT 300G','8901030718946','19053100','260222GGB4','2026-11-21',40.00,6.00,0.00,35.36,38.00,'',5.00,212.14,1),
(830,130,174,'DOVE  HAIR FALL RESCUE SHAMPO 180ML','8909106035744','33051090','B040','2029-03-03',172.00,2.00,0.00,148.55,160.00,'',5.00,297.09,1),
(831,130,157,'HORLICKS POUCH 450G VANILLA','8909106043916','19011090','0.313BC3B','2027-03-12',220.00,6.00,0.00,201.67,215.00,'',18.00,1210.00,1),
(832,130,3317,'KISSAN MIXED FRUIT JAM 90GM','8901030922787','20079990','P0977L5','2026-12-12',25.00,12.00,0.00,22.94,25.00,'',5.00,275.23,1),
(833,130,3342,'KISSAN FRESH TOMATO KETCHUP 15/-','8901030897542','21032000','DO966L3','2026-09-07',15.00,6.00,0.00,13.49,15.00,'',5.00,80.93,1),
(834,130,3248,'HORLICKS CHOCOLATE DELIGHT 400G','8901030986024','19019090','319NA28','2027-06-18',159.00,6.00,0.00,144.28,151.05,'',5.00,865.67,1),
(835,130,195,'PEPSODENT 2IN1 80G','8909106031111','33061020','B7','2028-03-03',61.00,2.00,0.00,55.46,60.00,'',5.00,110.91,1),
(836,130,3435,'HORLICKS BISCUITS 75G','8901030718861','19053100','26.0320GGB401','2026-12-19',10.00,24.00,0.00,8.84,10.00,'',5.00,212.16,1),
(837,130,4221,'VIM BAR 10/-','8901030535697','34054000','','2029-12-12',10.00,24.00,0.00,8.98,10.00,'',18.00,215.45,1),
(838,130,4223,'POND\'S LIGHT MOISTURISER 12ML','1122345','33049930','B106','2027-12-12',10.00,2.00,0.00,8.07,10.00,'',18.00,16.14,1),
(839,130,4224,'LIRIL 75G','8909106059573','34011190','','2028-08-10',27.00,3.00,0.00,23.75,27.00,'',5.00,71.25,1),
(840,130,4225,'PONDS SUPER LIGHT  12ML','12345','33049930','BO46','2026-12-12',15.00,2.00,0.00,12.11,15.00,'',18.00,24.22,1),
(841,101,2367,'AMUL GOLD 1L','8901262150989','0401','BN BAF0671','2027-02-04',83.00,6.00,0.00,78.00,80.00,'',5.00,468.00,1),
(842,101,2363,'AMUL LASSI 25/-','8901262151696','04039010','BN CAF0601','2026-08-02',25.00,10.00,0.00,22.50,25.00,'',5.00,225.00,1),
(843,101,2362,'AMUL FRESH CREAM 250ML','8901262151863','0401','BN GAF0631','2026-10-16',72.00,3.00,0.00,66.96,72.00,'',5.00,200.88,1),
(844,101,2376,'Amulya Dairy Whitener 200GM','8901262090346','0402','BCF0071B','2027-01-07',99.00,5.00,0.00,92.27,95.00,'',5.00,461.35,1),
(845,101,2380,'AMULSPRAY 200GM','8901262080118','04022990','SCF 0521 R2','2027-01-02',99.00,10.00,0.00,92.27,95.00,'',5.00,922.70,1),
(846,101,2398,'AMUL CHEESE  SLICES 200G','8901262020015','0406','KFF0561','2026-12-02',140.00,3.00,0.00,128.52,140.00,'',5.00,385.56,1),
(847,101,2396,'AMUL CHEESE SLICE  100G','8901262020046','0406','BAF0611','2026-11-02',82.00,6.00,0.00,75.27,82.00,'',5.00,451.62,1),
(848,101,2401,'AMUL BUTTER 500GM','8901262010023','0405','PAF 0311','2027-01-03',285.00,2.00,0.00,261.00,280.00,'',5.00,522.00,1),
(849,101,2360,'AMUL KOOL KESAR 180ML','8901262152211','0402','PAF0461','2026-12-06',25.00,6.00,0.00,22.25,25.00,'',5.00,133.50,1),
(850,101,2357,'AMUL MALAI PANEER 200G','8901262180016','0406','BPC3341','2027-05-02',95.00,6.00,0.00,84.70,93.00,'',5.00,508.20,1),
(851,101,2373,'AMUL MITHAI MATE 200GM','8901262120005','04022920','MAF 0027','2027-01-02',64.00,3.00,0.00,58.24,64.00,'',5.00,174.72,1),
(852,101,4146,'AMUL DARK CHOCOLATE','8901262072533','41806','KIF0671','2027-03-08',10.00,40.00,0.00,8.33,10.00,'',5.00,333.20,1),
(853,101,2368,'AMUL KOOL COFE MILK COFFEE 200ML','8901262150477','0402','KEF0201 BC04','2026-07-12',25.00,24.00,0.00,22.25,25.00,'',5.00,534.00,1),
(854,101,2361,'AMUL KADHAI DOODH  200ML','8901262151931','0402','KEF 0641 BC04','2027-03-05',25.00,24.00,0.00,22.25,25.00,'',5.00,534.00,1),
(876,124,1207,'HUGGIES NB 17+5 PANTS','8904009605186','10035527','AU43','0029-12-02',185.00,2.00,0.00,135.67,175.75,'',5.00,271.34,1),
(877,124,1209,'HUGGIES XL 5PANTS','8904009604950','96190030','AN80','0029-12-03',84.00,3.00,0.00,61.60,79.80,'',5.00,184.80,1),
(878,124,1206,'HUGGIES L9-14 KG 7PANTS','8904009605193','','AN71','0029-09-03',92.00,2.00,0.00,67.48,87.40,'',5.00,134.95,1),
(885,97,4037,'NIVEA PEARL & BEAUTY 25ML','42333005','33072000','B55066677','2028-01-11',125.00,3.00,0.00,88.50,110.00,'',18.00,265.50,1),
(886,97,4038,'NIVEA MEN COOL KICK 25ML','42332992','','B5441077','2028-01-04',125.00,3.00,0.00,88.50,110.00,'',18.00,265.50,1),
(887,97,4136,'NIVEA FRESH ACTIVE 25ML','42332978','33072000','B54758577','2028-01-11',125.00,3.00,0.00,88.50,110.00,'',18.00,265.50,1),
(888,97,4074,'NIVEA MAN DARK SPOT REDUCTION FACE WASH','4005808231423','34013090','B61043250','2028-01-08',129.00,3.00,0.00,102.75,110.00,'',18.00,308.25,1),
(889,97,4052,'NIVEA MAN ACNE FACE WASH  50G','4005900738509','34013090','B60940350','2029-01-02',129.00,3.00,0.00,102.75,115.00,'',18.00,308.25,1),
(890,97,4137,'NIVEA FRESH COMFORT 150ML','8904256003032','33072000','B51270711MC','2028-01-02',315.00,2.00,0.00,229.09,280.00,'',18.00,458.18,1),
(891,97,4138,'NIVEA NATURAL GLOW 150ML','8904256001731','33072000','B53710711MC','2028-01-08',330.00,2.00,0.00,240.00,290.00,'',18.00,480.00,1),
(892,97,4139,'NIVEA PEARL & BEAUTY 150ML','8904256001762','33072000','B60661611MC','2029-01-01',299.00,2.00,0.00,217.45,250.00,'',18.00,434.90,1),
(893,98,1898,'SENSODYNE  GEL 40g  S','8901571004089','330610','BSG 26055','2028-01-01',85.00,6.00,0.00,73.91,80.00,'',5.00,443.46,1),
(894,98,1895,'SENSODYNE  GEL 75g  L','8901571004614','330610','BGG260193','2028-02-01',135.00,4.00,0.00,117.39,130.00,'',5.00,469.56,1),
(895,98,4140,'SENSODYNE PRONAMEL FRESH BREATH','8901571014262','33061020','BGB250026','2027-10-01',140.00,2.00,0.00,112.00,135.00,'',5.00,224.00,1),
(896,98,4141,'SENSODYNE PRONAMEL DAILY PROTECTION','8901571014248','33061020','BGL 250012','2027-08-01',140.00,2.00,0.00,112.00,135.00,'',5.00,224.00,1),
(897,98,1897,'SENSODYNE  MINT 75g  L','8901571004096','330610','BGM 260101','2028-01-01',135.00,4.00,0.00,117.39,130.00,'',5.00,469.56,1),
(898,98,1896,'SENSODYNE  MINT 40g  S','8901571004102','330610','BSM 26014','2027-12-01',84.50,6.00,0.00,73.47,80.00,'',5.00,440.82,1),
(899,98,1894,'SENSODYNE REPID RELIEF S','8901571004829','330610','BSR 26014','2027-12-01',107.00,4.00,0.00,93.04,105.00,'',5.00,372.16,1),
(900,98,1885,'SENSODYNE 3PACK 140 MRP','8901571011018','96032100','001','2026-07-01',130.00,6.00,0.00,88.59,117.80,'',5.00,531.54,1),
(917,107,3544,'NISSIN GEKI CHICKEN','8901014000166','19021900','605XGKCN001','0026-11-10',52.00,18.00,0.00,42.86,50.00,'',5.00,771.43,1),
(918,107,700,'NUTRELA SOYA CHUNKS 200GM','8906032016571','21061000','HAL05941B','0026-02-12',50.00,6.00,0.00,38.10,47.00,'',5.00,228.57,1),
(919,105,4164,'PANSARI SABOO DANA 250G','8906064683260','11062010','S-30','0026-01-08',70.00,16.00,0.00,29.00,50.00,'',5.00,464.00,1),
(920,103,3980,'VICKS BABYRUB 50ML','4987176168399','30049011','6009C56703','2027-01-12',201.00,3.00,0.00,156.81,182.37,'',5.00,470.43,1),
(921,103,3961,'VICKS 50GM','4987176244987','300490','6066C56702','2028-01-02',186.00,3.00,0.00,142.79,176.70,'',5.00,428.37,1),
(922,103,3979,'VICKS BABYRUB 25ML','4987176168405','30049011','4311C56701','2026-01-10',125.00,6.00,0.00,91.29,118.75,'',5.00,547.74,1),
(923,103,3914,'GILLETTE GURD 52','4987176335142','82122011','X6055862048','2028-01-02',52.00,1.00,0.00,31.86,50.00,'',18.00,31.86,1),
(924,103,3974,'VICKS 25GML','4987176191205','300490','6035C56708','2028-01-01',102.00,6.00,0.00,78.32,96.90,'',5.00,469.92,1),
(925,103,3951,'GILLETTE MEN 14','4987176280596','82122011','6027862052','2028-11-01',15.00,20.00,0.00,9.76,15.00,'',18.00,195.20,1),
(926,103,3886,'HEAD & SHOULDERS 2','4987176388650','330551090','21385745','2028-01-01',2.00,32.00,0.00,1.46,2.00,'',18.00,46.72,1),
(927,103,3945,'HEAD N SHOULDERS OILY STICKY DANDRUFF 72ML','4987176290649','33051090','B6087D160','2029-01-03',79.00,3.00,0.00,58.52,75.05,'',18.00,175.56,1),
(928,103,4158,'HEAD & SHOULDERS 7IN 1 SHAMPOO','4987176335623','33051090','B6050D163','2029-01-02',79.00,3.00,0.00,69.29,75.00,'',5.00,207.87,1),
(929,103,3899,'ARIEL PERFECTWASH 10/-','4987176351708','34025000','6050B095M3','2028-01-02',10.00,12.00,0.00,7.82,10.00,'',18.00,93.84,1),
(930,103,3918,'WHISPER XL 10PADS','4987176324672','96190010','6064D848F1','2028-01-02',70.00,6.00,0.00,54.87,66.50,'',0.00,329.22,1),
(931,103,4157,'GILLETTE GUARD SAFER ,SMOOTHER,FASTER','4987176355751','82121010','Z6O61D299KO','2028-01-02',125.00,1.00,0.00,83.16,110.00,'',18.00,83.16,1),
(932,103,4154,'PAMPERS XL 12-17KG','4987176218346','96190030','6007938300','2029-01-01',117.00,3.00,0.00,78.50,168.10,'',5.00,235.50,1),
(933,103,4011,'PAMPERS 93','4987176071446','','6047938300','2029-01-02',93.00,3.00,0.00,62.39,88.35,'',18.00,187.17,1),
(934,103,3920,'WHISPER ULTRA 160','4987176319524','','6071D848F0','2028-01-03',160.00,3.00,0.00,125.41,152.00,'',0.00,376.23,1),
(935,103,4155,'GILLETTE  WILKINSON SWORD','4902430786645','82122019','21255074','2028-01-04',15.00,20.00,0.00,9.76,15.00,'',18.00,195.20,1),
(936,103,4150,'PAMPERS S 4-8 KG','4987176303455','96190030','5361B09521','2029-02-12',374.00,1.00,0.00,238.46,355.30,'',5.00,238.46,1),
(937,103,4149,'PAMPERS NEW BABY 40PANTS','4987176356918','83907877','60427665B1','2029-02-02',374.00,1.00,0.00,234.46,355.20,'',5.00,234.46,1),
(938,103,4153,'PAMPERS S 4-8KG','4987176071453','88.3','6038938300','2029-01-02',93.00,3.00,0.00,62.39,88.30,'',5.00,187.17,1),
(939,103,4151,'PAMPERS M 7-12KG','4987176339522','','60657665H0','2029-01-03',374.00,1.00,0.00,238.46,355.30,'',5.00,238.46,1),
(940,103,4010,'PAMPERS HAPPY SLEEP M','4987176071460','','6083938300','2029-01-03',98.00,3.00,0.00,65.74,93.00,'',5.00,197.22,1),
(941,103,4152,'PAMPERS L 9-14KG','4987176218322','96190030','6062938300','2029-01-03',98.00,3.00,0.00,65.74,93.00,'',5.00,197.22,1),
(942,103,4156,'GILLETTE GUARD 3IN1','4987176355799','82122011','Z5302D299I0','2028-01-04',99.00,1.00,0.00,65.87,85.00,'',18.00,65.87,1),
(943,108,2650,'HIMALAYA BABY GIFT PACK 5','8901138837518','330499','452600014','0028-01-09',269.00,2.00,0.00,205.58,255.55,'',18.00,411.16,1),
(944,108,4166,'HIMALAYA SINCE 200G','8901138012021','33049120','952600126','0029-01-01',204.00,1.00,0.00,155.90,190.00,'',5.00,155.90,1),
(945,108,2692,'H.B.SOAP','8901138511838','34011110','272500548','0028-01-10',62.00,1.00,0.00,47.39,60.00,'',5.00,47.39,1),
(946,108,2731,'HIMALAYA POLLUTION DETOX CHARCOAL FACE WASH 100ML','8901138000172','','B202501110','0028-01-10',220.00,2.00,0.00,180.01,210.00,'',18.00,360.02,1),
(947,108,4167,'HIMALAYA TAN REMOVAL FACE WASH','8901138837044','33049990','B202600193','0029-01-01',220.00,2.00,0.00,180.01,210.00,'',18.00,360.02,1),
(948,108,2651,'HIMALAYA TAN REMOVAL ORANGE FACEWASH','8901138837051','NA','B20260013','0028-01-12',115.00,2.00,0.00,94.11,110.00,'',18.00,188.21,1),
(949,108,2708,'HIMALAYA ALOE VERA FACE WASH 50ML','8901138011055','33049990','B992600278','0029-01-02',95.00,2.00,0.00,86.35,95.00,'',18.00,172.70,1),
(950,108,4168,'HIMALAYA CHARCOAL FACE WASH 50ML','8901138000165','33049990','B202501305','0028-01-11',115.00,2.00,0.00,94.11,110.00,'',18.00,188.21,1),
(951,108,2673,'HIMALAYA BABY SOAP 75G','8901138822231','34011110','190260044','0029-01-01',62.00,1.00,0.00,47.39,60.00,'',5.00,47.39,1),
(952,108,2700,'H.B.SHAMPOO 100ML','8901138511449','34011110','B592600334','0029-01-02',106.00,4.00,0.00,81.00,100.00,'',18.00,324.01,1),
(953,110,811,'FORTUNE INDORI POHA 500GM','8906008812824','19041020','RLPI55O048A','0026-12-08',75.00,10.00,0.00,42.99,65.00,'',5.00,429.90,1),
(954,110,813,'FORTUNE SUJI 200G','8906008812084','11031120','TMSJ54O019A','0026-12-07',20.00,15.00,0.00,11.00,16.00,'',5.00,165.00,1),
(955,110,820,'FORTUNE CHANA BESAN 500GM','8906007285018','11063090','ARBF55O052','0026-01-07',85.00,6.00,0.00,54.99,65.00,'',5.00,329.94,1),
(956,110,821,'FORTUNE CHANA 200G','8906007285001','11063090','ARBF54O052','0026-01-07',35.00,15.00,0.00,22.99,30.00,'',5.00,344.85,1),
(957,110,827,'FORTUNE KACHI GHANI MUSTARD OIL 1L','8906007280952','15159040','67SERVINGS','0026-12-12',205.00,16.00,0.00,169.99,175.00,'',5.00,2719.84,1),
(958,111,1168,'JOY SKIN FRUITS FACE WASH 150ML','8904035420807','33049990','BR2E3724','0028-11-01',255.00,1.00,0.00,191.24,245.00,'42%',18.00,110.92,1),
(959,111,1162,'JOY VITAMIN C GOLW FACEWASH 150ML','8904035425178','34013090','BADCF4005','0029-02-01',285.00,2.00,0.00,213.74,250.00,'42%',18.00,247.94,1),
(960,111,1163,'JOY UBTAN TAN REMOVAL 150ML','8904035425154','','BADBF4002','0029-01-01',2855.00,2.00,0.00,213.74,250.00,'42%',18.00,247.94,1),
(961,111,4169,'JOY SKIN SPOTS & TAN CLEAR','8904035424966','340013090','BACYF20015','0029-02-01',255.00,2.00,0.00,191.24,240.00,'42%',18.00,221.84,1),
(962,111,1164,'JOY ACTIVATED CHARCOAL FACE  WASH 50ML','8904035423501','34013090','BACSF20002','0028-12-01',99.00,2.00,0.00,74.25,90.00,'23%',18.00,114.34,1),
(963,111,4170,'JOY ACTIVATED CHARCOAL150ML','8904035423471','34013090','BR2E3807','0028-11-01',285.00,2.00,0.00,213.74,270.00,'42%',18.00,247.94,1),
(964,111,1172,'JOY PURE NEEM FACE WASH 50ML','8904035417005','','BR200679','0027-03-01',78.00,2.00,0.00,63.75,75.00,'23%',18.00,98.17,1),
(965,111,1169,'JOY SPOTS &TAN CLAR FACE WASH PAPAYA 50ML','8904035420784','34013090','BACYF20011','0028-12-01',90.00,4.00,0.00,67.50,80.00,'23%',18.00,207.90,1),
(966,111,1166,'JOY PURE NEEM SKIN PUREFYNG 150ML','8904035421811','34013090','BACUF20005','0029-01-01',255.00,2.00,0.00,191.24,240.00,'42%',18.00,221.84,1),
(967,111,4171,'JOY PURE ALOE MOISTURISER 50ML','8904035414356','33049910','BR1E0842','0028-02-01',80.00,3.00,0.00,60.00,70.00,'10.70%',18.00,160.74,1),
(968,111,4172,'JOY ULTRA -LIGHT GEL 50ML','8904035427431','33049910','BR1E4255','0028-11-01',110.00,4.00,0.00,82.50,100.00,'24.81%',18.00,248.13,1),
(969,111,4173,'JOY HYDRA REFRESH ULTRA -LIGHT GEL 150ML','8904035422832','33049910','BR1E1584',NULL,299.00,1.00,0.00,224.23,275.00,'31.03%',18.00,154.65,1),
(970,111,4174,'JOY AWAKENING SHOWER GEL','8904035426786','34012000','BAGNF50001','0028-12-01',175.00,2.00,0.00,131.24,165.00,'48%',18.00,136.49,1),
(971,111,4175,'JOY   LEMON &ORCHIDS SHOWER GEL 250ML','8904035428254','34012000','BRGQF20005','0029-01-11',175.00,2.00,0.00,131.24,165.00,'48%',18.00,136.49,1),
(972,111,4176,'JOY GREEN TEA &CORIANDER SHOWER GEL 250ML','8904035424928','34012000','BRGOF20002','0028-12-01',175.00,2.00,0.00,131.24,165.00,'48%',18.00,136.49,1),
(973,111,4177,'JOY WATER MELON FACE WASH 50ML','8904035429756','34013090','BAOZF4006','0029-02-01',99.00,4.00,0.00,74.25,95.00,'23%',18.00,228.69,1),
(974,112,1925,'GLUCON-D NIMBU PANI 1KG','8901542001628','','A06029','2027-07-16',409.00,2.00,0.00,336.00,388.55,'',5.00,672.00,1),
(975,112,1930,'GLUCON -D REGULAR 1KG','8901542000546','17023020','B00978','2028-02-11',269.00,6.00,0.00,220.96,255.55,'',5.00,1325.78,1),
(976,112,4178,'GLUCON D 500G','8901542011702','17023020','A06222','2028-02-04',149.00,3.00,0.00,122.39,140.00,'',5.00,367.17,1),
(977,112,4179,'GLUCON D NIMBU PANI','8901542001659','17023020','A05916','2027-07-04',215.00,2.00,0.00,176.61,200.00,'',5.00,353.21,1),
(978,112,1919,'GLUCON D ORANGE 500GM  PKT','8901542002014','17023020','A01947N','2027-07-11',215.00,3.00,0.00,176.60,200.00,'',5.00,529.80,1),
(979,112,1917,'GLUCON D PL 200GM','8901542002052','170230','B00961','2028-02-08',75.00,3.00,0.00,61.60,75.05,'',5.00,184.81,1),
(980,112,1934,'COMPLAN KESAR BADAM 360/-','8901542000065','19011090','A06775','2027-08-16',324.00,2.00,0.00,289.97,305.00,'',5.00,579.94,1),
(981,112,4180,'GLUCON D NIMBU PANI','8901542008931','17023020','A06286','2027-08-10',99.00,3.00,0.00,81.32,95.00,'',5.00,243.95,1),
(982,112,1912,'GLUCON D PL 100GM','8901542016226','170230','B01029','2028-02-22',39.00,6.00,0.00,32.03,38.00,'',5.00,192.18,1),
(983,112,4181,'GLUCON D NIMBU PANI','8901542017629','17023020','A06190','2027-08-01',55.00,3.00,0.00,45.17,52.00,'',5.00,135.51,1),
(984,112,4182,'NYCIL GERM EXPERT COOL HERBAL','8901542001437','30049011','LV5H3194','2029-01-01',50.00,6.00,0.00,42.05,50.00,'',5.00,252.28,1),
(985,112,1939,'SUTHOL NEEM LIQUD 200ML','8901531700327','30049011','SU031','2029-02-01',85.00,3.00,0.00,72.24,80.75,'',5.00,216.72,1),
(986,112,2740,'EVERYUTH SCRUB &FACE WASH 100G','8901120141012','3304','WEB1480','2028-11-01',110.00,2.00,0.00,95.39,105.00,'',18.00,190.78,1),
(987,112,4183,'EVERYUTH NATURALS WALNUT SCRUB','8901548143629','3304','WEB1197','2028-08-01',59.00,2.00,0.00,51.16,59.00,'',18.00,102.32,1),
(988,112,1937,'SUTHOL CHANDAN SPAY 100ML','8901531700341','300490','CD139','2028-03-01',90.00,2.00,0.00,71.72,85.50,'',5.00,143.43,1),
(994,115,1835,'EVEREADY ULTIMA AA','8901691024745','NA','BB2035','0035-01-01',25.00,180.00,0.00,15.10,22.00,'',18.00,2718.00,1),
(995,115,1834,'EVEREADY ULTIMA AAA','8901691024752','NA','BB2035','0035-01-01',25.00,60.00,0.00,15.10,22.00,'',18.00,906.00,1),
(996,116,3196,'NAN PRO4 FU','8901058007718','19011090','60880453J2','0027-01-03',775.00,2.00,0.00,711.01,736.25,'',5.00,1422.02,1),
(997,116,3193,'MASALA  VEG ATTA NOODLES 72.5G','8901058009705','19023010','60389939HA','0026-07-10',108.00,5.00,0.00,98.18,105.00,'',5.00,490.91,1),
(998,116,3190,'MAGGI 2MINUTE NOODLES  70G','8901058010749','19023010','60542814BA','0026-01-10',58.00,5.00,0.00,51.37,58.00,'',5.00,256.87,1),
(999,116,3191,'MAGGI 6 PACK B','8901058010565','19023010','60712814TA','0026-01-11',87.00,4.00,0.00,75.01,86.00,'',5.00,300.02,1),
(1000,116,3166,'MAGGI NOODLES 15/-','8901058017687','19023010','60692814XA','0026-01-11',15.00,96.00,0.00,13.61,15.00,'',5.00,1306.57,1),
(1001,116,351,'MAGGI MASALA & MAGIC 5/-','89080795','09109100','60610452LB','0026-01-11',5.00,30.00,0.00,4.50,5.00,'',5.00,134.86,1),
(1002,116,3195,'LACTOGEN PRO 2','8901058008906','19011090','60850453K1','0027-01-03',450.00,2.00,0.00,412.85,427.50,'',5.00,825.69,1),
(1003,116,4184,'CEREGROW WITH MILK & FRUITS 300G','8901058030105','19011090','60510453A9/071','0027-01-02',299.00,3.00,0.00,263.34,284.00,'',5.00,790.02,1),
(1004,116,3155,'CERELAC STG 5 GARIN FRUIT','8901058018608','19011090','608104347','0027-01-03',299.00,1.00,0.00,274.31,284.05,'',5.00,274.31,1),
(1005,116,3178,'CERELAC STG 1 RICE','8901058015829','19011090','60700453A1-ZS','0027-01-03',250.00,2.00,0.00,229.36,237.50,'',5.00,458.72,1),
(1006,116,3158,'CERELAC STG 4 MU FRUIT','8901058018578','19011090','60770451DB','0027-01-03',295.00,2.00,0.00,270.64,280.25,'',5.00,541.28,1),
(1007,116,3162,'CERELAC STG4 MU DAL VEG','8901058018400','19011090','60160451DA','0027-01-06',295.00,1.00,0.00,270.64,237.50,'',5.00,270.64,1),
(1008,116,3159,'CERELAC STG 3 WHEAT RICE MIX VEG','8901058018561','19011090','60140451DA','0027-01-06',290.00,2.00,0.00,266.06,275.50,'',5.00,532.11,1),
(1009,116,3105,'KITKAT BAR 30/-','8901058903164','18069010','60860454C1','0026-01-11',30.00,21.00,0.00,27.00,30.00,'',5.00,567.00,1),
(1010,117,1431,'MONGINIS SLICE CAKE VANILLA 30G','8901905000299','19059010','DM519091','2026-02-06',10.00,44.00,0.00,8.29,10.00,'',5.00,364.57,1),
(1011,117,1430,'MONGINIS SLICE CAKE CHOCOLATE 30G','8901905000312','19059010','DM518283','2026-12-06',10.00,44.00,0.00,8.29,10.00,'',5.00,364.57,1),
(1012,117,1427,'MONGINIS CHOCOLATE CAKE 10/-','8901905020693','19059010','4521','2026-02-06',10.00,15.00,0.00,8.29,10.00,'',5.00,124.28,1),
(1013,117,1426,'MONGINIS MUFFINS FRUIT CAKE 10/-','8901905020716','19059010','7896','2026-12-06',10.00,15.00,0.00,8.29,10.00,'',5.00,124.28,1),
(1014,117,1414,'MONGINIS CHEESE STRAW PREMIUM  QUALITY 175G','8901905022291','19059020','3269','2026-02-05',60.00,3.00,0.00,49.68,58.00,'',5.00,149.05,1),
(1015,117,1421,'MONGINIS SWISS ROLL STAAWBERRY CAKE 100G','8901905021300','19059010','DM1175','2026-02-06',40.00,18.00,0.00,33.12,40.00,'',5.00,596.22,1),
(1016,117,4185,'SWISS ROLL CHOCOLATE CAKE','8901905021294','19059010','DM1176','2026-02-06',40.00,18.00,0.00,33.12,40.00,'',5.00,596.22,1),
(1017,118,2153,'DETTOL SKINCARE HAND WASH  675ML','8901396389682','34013090','BSVS030','0028-01-03',109.00,2.00,0.00,95.63,105.00,'',18.00,191.26,1),
(1018,118,2152,'DETTOL SENSITIVE HAND WASH  675ML','8901396389699','34013090','BSVN581','0028-01-02',109.00,2.00,0.00,95.63,105.00,'',18.00,191.26,1),
(1019,118,2154,'DETTOL ORIGINAL HAND WASH 650ML','8901396389675','34013090','BSVR091','0028-01-02',99.00,3.00,0.00,86.85,95.00,'',18.00,260.55,1),
(1020,118,2137,'MORTEIN  SMART PROTECTION','8901396528456','38089191','ZTS26002','0028-01-01',100.00,6.00,0.00,84.54,98.00,'',18.00,507.26,1),
(1021,118,2138,'MORTEIN LIQUID COMBO','8901396528432','38089191','H26003CN','0028-01-01',180.00,6.00,0.00,153.81,170.00,'',18.00,922.88,1),
(1022,118,2139,'M0RTEIN SMART +OIL','8901396528388','38089191','H26025PN','0026-02-02',85.00,4.00,0.00,72.64,83.00,'',18.00,290.57,1),
(1023,118,2128,'DETTOL ICY COOL 100G','8901396602125','34011190','3343094','0028-01-03',182.00,4.00,0.00,162.62,177.00,'',5.00,650.47,1),
(1024,118,4186,'DETTOL ORIGINL LIQUD HANDWASH','8901396388371','34013090','BSVM853','0028-01-02',140.00,3.00,0.00,124.09,135.00,'',18.00,372.27,1),
(1025,118,4187,'DETTOL SKINCARE  LIQUID HAND WASH','8901396388388','34013090','BSVG616','0027-01-12',140.00,3.00,0.00,124.09,135.00,'',18.00,372.27,1),
(1026,118,4188,'DETTOL  SENSITIVE  LIQUID HANDWASH 175ML','8901396389217','34013090','BSTZ856','0027-01-09',140.00,3.00,0.00,124.09,135.00,'',18.00,372.27,1),
(1027,118,2168,'DETTOL  60ML','8901396350101','30049099','VT328','0029-01-08',41.49,6.00,0.00,36.39,39.42,'',5.00,218.36,1),
(1028,118,2177,'HARPIC 900ML','8901396174400','38089400','SVN338','0028-01-01',195.00,16.00,0.00,171.95,190.00,'',18.00,2751.25,1),
(1029,120,4190,'FOGG BLACK DARK NIGHT','8904238303334','33072000','P250007','2028-12-01',299.00,2.00,0.00,177.97,210.00,'',18.00,355.94,1),
(1030,120,4191,'FOGG BLACK NIGHT AMBER','8904238303273','33072000','P250004','2028-12-01',299.00,2.00,0.00,177.97,210.00,'',18.00,355.94,1),
(1031,120,4192,'FOGG BLACK DARK NIGHT 1','8904238303365','33072000','P250005','2028-12-01',299.00,1.00,0.00,177.97,210.00,'',18.00,177.97,1),
(1032,120,4193,'WHITE TONE FACE POWDER 55G','8904238303242','330491','CW3985','2027-10-01',85.00,4.00,0.00,69.52,80.00,'',5.00,278.08,1),
(1033,120,4194,'WHITE TONE FACE POWDER 3GM','8904238303235','330491','CW3974','2027-09-01',65.00,4.00,0.00,53.33,60.00,'',5.00,213.32,1),
(1034,120,4195,'FOGG NEU COOL ORIENTAL','8904238303006','33072000','P25014','2028-07-01',249.00,2.00,0.00,160.17,200.00,'',18.00,320.34,1),
(1035,120,421,'FOOG ROYAL','8908001158312','33072000','P250026','2028-06-01',213.75,2.00,0.00,147.46,213.75,'',18.00,294.92,1),
(1036,120,4197,'FOGG NEU SMOOTH FOUGERE','8904238303082','33072000','P250019',NULL,249.00,2.00,0.00,160.17,200.00,'',18.00,320.34,1),
(1037,120,4198,'FOGG NEU INTENSE COLOGNE','8904238303020','33072000','P250014','2028-07-01',249.00,2.00,0.00,160.17,200.00,'',18.00,320.34,1),
(1038,120,4199,'FOGG BLACK SECRET EVENING','8904238303303','33072000','P250003','2028-12-01',299.00,1.00,0.00,177.97,210.00,'',18.00,177.97,1),
(1045,128,451,'LITE CHIRA 200G','8908000295902','210690','B408B','2026-09-06',60.00,5.00,0.00,48.00,57.00,'',5.00,240.00,1),
(1046,128,453,'MUKHAROCHAK SPECIAL PAPRI 400G','8908000295780','210690','A119C','2026-09-19',128.00,10.00,0.00,110.40,125.00,'',5.00,1104.00,1),
(1047,128,460,'MUKHOROCHAK SALTY PEANUT 200G','8908000295223','21061000','B127D','2026-08-30',70.00,5.00,0.00,56.00,67.00,'',5.00,280.00,1),
(1048,128,463,'MOONG DAL 25G','8908000295155','210690','B202A','2026-07-31',10.00,20.00,0.00,8.00,10.00,'',5.00,160.00,1),
(1049,128,448,'SWEET N SOUR 25G','8908000295988','210690','B207A','2026-09-06',10.00,20.00,0.00,8.00,10.00,'',5.00,160.00,1),
(1050,128,4213,'MUKHAROCHAK MASALA MURI','8908000296114','210690','B328D','2026-08-28',10.00,20.00,0.00,8.00,10.00,'',5.00,160.00,1),
(1051,128,470,'MUKHOROCHAK 100G','8908000295018','21069099','B317C','2026-09-14',35.00,10.00,0.00,28.80,35.00,'',5.00,288.01,1),
(1052,128,4214,'MUKHAROCHAK CHAAL BHAJA 25G','8908000296107','210690','B309B','2026-09-05',10.00,40.00,0.00,8.00,10.00,'',5.00,320.04,1),
(1053,128,4215,'MUKHAROCHAK DHANIA PEANUTS 25G','8908000296060','20081920','A331D','2026-08-30',10.00,30.00,0.00,8.00,10.00,'',5.00,240.03,1),
(1054,128,468,'SWEET N SOUR 200G','8908000295049','210690','B307A','2026-10-05',36.00,10.00,0.00,28.80,35.00,'',5.00,288.01,1),
(1055,122,4201,'SAFED 500G','8906022903041','34029011','','0029-01-03',38.00,30.00,0.00,32.98,38.00,'',18.00,989.43,1),
(1056,122,4202,'SAFED 1KG','8906022903034','34029011','','0029-01-03',77.00,6.00,0.00,67.99,75.00,'',18.00,407.95,1),
(1057,127,4210,'KS SPARK POCKET PERFUME','8901216812680','33030050','BCHOI052B','2027-01-08',70.00,8.00,0.00,39.21,65.00,'',18.00,313.70,1),
(1058,127,2313,'PARK AVENUE POCKET PERFUME VOYAGE','8901277019776','NA','VC260209015E','2028-01-01',70.00,8.00,0.00,39.07,65.00,'',18.00,312.52,1),
(1059,127,4211,'KS SPARK DEODORANT SPRAY','8901157126181','33072000','VC260310050D','2029-01-03',99.00,3.00,0.00,85.74,95.00,'',18.00,257.22,1),
(1060,127,2341,'PARK AVENUE GM','8901277007087','3303','VC260127059C','2028-01-12',225.00,6.00,0.00,120.00,200.00,'',18.00,720.00,1),
(1061,127,2310,'PARK AVENUE TUSCANY BLOOM 120ML','8901277020529','33030090','BVC0I006D','2028-01-08',225.00,3.00,0.00,150.42,200.00,'',18.00,451.26,1),
(1062,127,2311,'PARK AVENUE ATLANTIC WAVE 120ML','8901277020505','33030090','BADF01001B','2028-01-08',225.00,3.00,0.00,200.00,210.00,'',18.00,600.00,1),
(1063,127,4212,'PARK AVENUE AMAZON WOODS','8901277020260','330','BADF0D010B','2028-01-03',225.00,2.00,0.00,150.66,200.00,'',18.00,301.32,1),
(1064,127,2338,'PARK AVENUE CLASSIC SHVING CREAM','8901277012401','3307','B033A','2029-01-01',65.00,3.00,0.00,54.60,60.00,'',18.00,163.80,1),
(1065,127,2337,'PARK AVENUE GOOD MORNING SHAVING CREAM','8901277012449','3307','B024A','2029-01-02',65.00,3.00,0.00,54.70,65.00,'',18.00,164.10,1),
(1066,166,3127,'CERELAC WHEAT APPLE 360G','8901058028645','','60840453A8',NULL,280.00,3.00,0.00,256.88,266.00,'',5.00,770.64,1),
(1067,166,4247,'NESTIE WHET APPLE CHERRY 360G','8901058028676','606704534A7','60670453A7',NULL,299.00,2.00,0.00,274.31,284.00,'',5.00,548.62,1),
(1068,166,3197,'NAN PRO3 FU','8901058007701','19011090','60750453K2',NULL,775.00,2.00,0.00,711.01,736.25,'',5.00,1422.02,1),
(1069,166,3170,'CERELAC STAGE 2 RICE VEG','8901058017571','19011090','60940453A1-ZS',NULL,290.00,2.00,0.00,266.06,275.50,'',5.00,532.11,1),
(1070,166,3162,'CERELAC STG4 MU DAL VEG','8901058018400','19011090','60150451DB',NULL,295.00,2.00,0.00,270.64,280.25,'',5.00,541.28,1),
(1071,166,3155,'CERELAC STG 5 GARIN FRUIT','8901058018608','19011090','60810453A7',NULL,299.00,1.00,0.00,274.31,284.05,'',5.00,274.31,1),
(1072,166,3107,'LACTOGEN PRO 4','8901058901641','19011090','60870453J1',NULL,450.00,3.00,0.00,412.84,427.50,'',5.00,1238.53,1),
(1073,166,3195,'LACTOGEN PRO 2','8901058008906','19011090','60850453K1',NULL,450.00,3.00,0.00,412.84,427.50,'',5.00,1238.53,1),
(1074,166,3191,'MAGGI 6 PACK B','8901058010565','19023010','60982814TA',NULL,87.00,3.00,0.00,75.39,86.00,'',5.00,226.16,1),
(1075,166,354,'NESCAFE ICED LATTE CAN 50/-','89080528','22029930','60857742AA','2027-01-26',50.00,6.00,0.00,44.45,50.00,'',5.00,266.67,1),
(1076,166,4248,'NESCAFE CAPPUCCINO 170ML','89080511','22029930','60937742AC','2027-02-03',50.00,6.00,0.00,44.45,50.00,'',5.00,266.67,1),
(1093,167,2532,'GULABARI 250ML','8901207040801','330300','BT01884','2028-03-03',92.00,6.00,0.00,73.11,90.00,'',18.00,438.63,1),
(1094,167,4249,'BABOOL TOOTHPASTE 175G','8901207055751','33061020','BM0957','2027-12-12',64.00,3.00,0.00,52.07,60.00,'',5.00,156.21,1),
(1095,167,2527,'ODONIL GEL POCKET FLORAL 10GM','8901207043475','33074900','NG50606','2027-11-11',60.00,6.00,0.00,40.91,57.00,'',18.00,245.43,1),
(1096,167,2528,'ODONIL GEL POCKET CITRUS BLO0M  10G','8901207043468','33074900','NG50617','2027-11-11',60.00,6.00,0.00,40.91,57.00,'',18.00,245.43,1),
(1097,167,2571,'DABUR HONEY 250G','8901207025365','04090000','NP6176','2027-07-29',125.00,5.00,0.00,103.41,120.00,'',5.00,517.07,1),
(1098,167,3638,'HAJMOLA IMLI BOTTLE  50N','89004876','30049011','JK00619','2027-11-11',28.00,3.00,0.00,23.25,28.00,'',5.00,69.75,1),
(1099,167,2747,'FEM BLEACH 45RS','8901103110233','NA','BJK00164','2027-10-10',45.00,3.00,0.00,29.02,42.00,'',18.00,87.07,1),
(1100,167,2524,'DUBUR HONEY  50G','8901207045370','04090000','09647FC','2027-09-13',45.00,2.00,0.00,35.18,43.00,'',5.00,70.36,1),
(1101,167,2519,'HAJMOLA MR AAM','8901207046940','30049011','JK00026','2026-12-12',65.00,4.00,0.00,53.97,67.00,'',5.00,215.88,1),
(1102,167,2533,'GULABARI 120ML','8901207040795','330300','BT01883','2028-03-03',54.00,6.00,0.00,42.91,54.00,'',18.00,257.47,1),
(1103,167,4250,'DABUR GULABARI 30ML','ITMMO77XFVF','33030020','RU2253','2028-02-02',16.00,6.00,0.00,12.72,16.00,'',18.00,76.31,1),
(1104,167,2582,'DABUR HONEY 1OOG','8901207005374','04090000','09647FB','2027-09-30',70.00,5.00,0.00,53.03,65.00,'',5.00,265.16,1),
(1105,167,4189,'ODOMOS 50G','8901207500046','38089191','BT00637','2027-08-08',65.00,5.00,0.00,53.18,60.00,'',18.00,265.92,1),
(1106,167,2748,'FEM BLEACH 37RS','8901103101262','33049990','JK00994','2027-09-09',37.00,3.00,0.00,23.87,36.00,'',18.00,71.60,1),
(1107,167,2529,'ODONIL AIR FRESHENR 288 G','8901207042454','33074900','BT00687','2029-01-01',310.00,2.00,0.00,211.37,294.50,'',18.00,422.73,1),
(1108,167,4251,'ODONIL AIR FRESHENER 240G','8901207048005','33074900','BT00694','2029-02-02',245.00,2.00,0.00,155.91,230.00,'',18.00,311.82,1),
(1109,168,1820,'PARLE -G 250G','8901719123870','19059020','BNB','2026-08-09',30.00,6.00,0.00,27.27,27.00,'',5.00,163.62,1),
(1110,168,1827,'ORANGE BITE','8901719119293','','K5B','2027-02-16',47.00,3.00,0.00,39.34,45.00,'',5.00,118.03,1),
(1111,168,4252,'FAB BOURBON 54G','8901719136450','19059020','N1B','2026-11-11',10.00,12.00,0.00,8.04,10.00,'',5.00,96.52,1),
(1112,114,1718,'AASHIRVAAD SHUDH CHAKKI ATTA 5KG','8901725121129','11010000','15A22503','0026-02-07',283.00,6.00,0.00,229.30,240.00,'',5.00,1375.80,1),
(1113,114,1719,'BINGO TEDHE MEDHE MASALA TADKA','8901725118921','21069099','QR325B6D','0026-02-07',20.00,6.00,0.00,16.10,20.00,'',5.00,96.57,1),
(1114,114,283,'TEDHE MEDHE XTRAA TEEKHA 20/-','8909081010170','21069099','0/QR320B6','0026-12-07',20.00,6.00,0.00,16.10,20.00,'',5.00,96.57,1),
(1115,113,1696,'NIMYLE WHITE 500ML','8901725961206','38089400','B595','0028-01-02',64.00,6.00,0.00,53.53,63.00,'',18.00,321.16,1),
(1116,113,1695,'NIMYLE NEEM CITRO 890ML','8901725961213','38089400','B450','0027-01-12',110.00,8.00,0.00,92.00,105.00,'',18.00,736.00,1),
(1117,169,75,'JOJOBA F/W 120GM','8909250001107','3304','BB26A210','2029-01-01',270.00,2.00,0.00,234.78,255.00,'',18.00,469.55,1),
(1118,169,4253,'LOTUS SAFE SUN FACE PACK 100G','8909250004030','123456','BB26A621','2029-01-01',399.00,2.00,0.00,301.30,350.00,'',18.00,602.60,1),
(1119,169,4254,'LOTUS WHITEGLOW FACIAL FOAM 100G','8909250003934','12345','BN26B054','2029-02-02',310.00,2.00,0.00,248.00,270.00,'',18.00,495.99,1),
(1120,169,79,'SPF 50 50GM','8909250000452','3304','BB26C191','2029-03-03',450.00,2.00,0.00,371.74,400.00,'',18.00,743.48,1),
(1121,169,77,'WG NIGHT CREAM 60GM','8909250000568','3304','BN26AO52','2029-01-01',495.00,2.00,0.00,396.00,420.00,'',18.00,792.00,1),
(1122,169,4255,'LOTUS  ANTI-TAN FACIAL KIT','806360908440','12345','BBL26C011','2029-02-02',1090.00,1.00,0.00,853.04,950.00,'',18.00,853.04,1),
(1151,170,2380,'AMULSPRAY 200GM','8901262080118','04022990','BCF0701C','2027-03-11',103.00,5.00,0.00,96.00,101.00,'',0.00,480.00,0),
(1152,170,2369,'AMUL TAZA 1L','8901262150064','0401','BAF0471','2026-08-15',75.00,4.00,0.00,72.38,75.00,'',0.00,289.52,0),
(1153,170,2402,'AMUL BUTTER 100G','8901262010016','0405','BAF0761 B2','2027-03-17',60.00,6.00,0.00,54.96,60.00,'',0.00,329.76,0),
(1154,170,2361,'AMUL KADHAI DOODH  200ML','8901262151931','0402','KEF0631 AB01','2027-03-04',25.00,24.00,0.00,22.25,25.00,'',0.00,534.00,0),
(1155,170,2401,'AMUL BUTTER 500GM','8901262010023','0405','MAF0752','2027-03-16',295.00,4.00,0.00,270.22,285.00,'',0.00,1080.88,0),
(1156,170,4256,'AMUL KOOL CAFE','8901262151429','80402','GAF0681','2026-09-05',30.00,6.00,0.00,26.70,30.00,'',0.00,160.20,0),
(1157,170,2400,'AMUL BUTTER 200G','8901262010320','0405','KAF0061','2027-01-06',118.00,8.00,0.00,108.09,115.00,'',0.00,864.72,0),
(1158,170,2358,'AMUL KOOL BADAM FLAVOUR','8901262152242','80402','GAF0701','2026-09-07',25.00,6.00,0.00,22.25,25.00,'',0.00,133.50,0),
(1159,170,2365,'AMUL COOL KESAR 180ML','8901262151375','0402','057053','2026-09-15',20.00,6.00,0.00,17.80,20.00,'',0.00,106.80,0),
(1160,170,2359,'AMUL KOOL ROSE FLAVOUR','8901262152235','90402','PAF051','2026-08-20',25.00,6.00,0.00,22.25,25.00,'',0.00,133.50,0),
(1161,170,2363,'AMUL LASSI 25/-','8901262151696','04039010','GAF0671','2026-09-04',25.00,12.00,0.00,22.50,25.00,'',0.00,270.00,0),
(1162,170,2355,'AMUL LASSI 200ML','8901262200189','0403','GAF0491','2026-08-17',20.00,12.00,0.00,18.00,20.00,'',0.00,216.00,0),
(1163,170,2379,'AMULSPRAY 10/-','8901262080279','04022990','MAF0701S','2027-03-11',10.00,24.00,0.00,9.25,10.00,'',0.00,222.00,0),
(1164,170,2362,'AMUL FRESH CREAM 250ML','8901262151863','0401','GAF0791','2026-07-18',72.00,2.00,0.00,66.96,70.00,'',0.00,133.92,0),
(1216,172,4261,'TOKYO COMBO LUNCH BOX','6934126939552','39241090','',NULL,499.00,6.00,0.00,100.00,199.00,'',0.00,600.00,0),
(1217,172,4267,'TOKYO LUNCH BOX','6937095570023','3923','',NULL,349.00,3.00,0.00,75.00,150.00,'',0.00,225.00,0),
(1218,172,4263,'MIGHTY LUNCH BOX','6935172724420','','',NULL,399.00,3.00,0.00,85.00,180.00,'',0.00,255.00,0),
(1219,172,4268,'DOMS ARTSY KIT','8904411809028','9609','',NULL,99.00,5.00,0.00,75.00,90.00,'',0.00,375.00,0),
(1220,172,4264,'STYLO LUNCH BOX','6935222236088','','',NULL,499.00,3.00,0.00,85.00,180.00,'',0.00,255.00,0),
(1221,172,4265,'STEEL LUNCH BOX SQUARE','6935257868964','','',NULL,330.00,8.00,0.00,180.00,299.00,'',0.00,1440.00,0),
(1222,172,4269,'STEEL LUNCH BOX ROUND','6938762452635','3923','',NULL,250.00,6.00,0.00,120.00,220.00,'',0.00,720.00,0),
(1223,172,4270,'TEDY PENCIL','6939985580532','3923','',NULL,30.00,48.00,0.00,10.00,20.00,'',0.00,480.00,0),
(1224,172,4271,'SQUDE PEN PENCIL','6940116315084','3923','',NULL,25.00,12.00,0.00,8.00,15.00,'',0.00,96.00,0),
(1225,172,4272,'HAND SOAP','6940244811366','3923','',NULL,50.00,30.00,0.00,15.00,30.00,'',0.00,450.00,0),
(1226,172,4273,'NAIL CUTTER','6940430019033','3923','',NULL,100.00,1.00,0.00,30.00,50.00,'',0.00,30.00,0),
(1227,172,4274,'BAG PANCIL BOX','6940600657942','3923','',NULL,200.00,6.00,0.00,70.00,110.00,'',0.00,420.00,0),
(1228,172,4275,'DOMS FUNFIEST KIT','6940761666586','3923','',NULL,100.00,5.00,0.00,75.00,95.00,'',0.00,375.00,0),
(1229,172,4276,'LINC LISER PEN','6940988077752','3923','',NULL,20.00,50.00,0.00,7.20,10.00,'',0.00,360.00,0),
(1230,172,4277,'PEN TONIC PEN','6941442003980','3923','',NULL,20.00,50.00,0.00,7.80,10.00,'',0.00,390.00,0),
(1231,172,4278,'AGNI PEN','6941593993314','3923','',NULL,20.00,70.00,0.00,3.00,10.00,'',0.00,210.00,0),
(1232,172,4279,'BOTTLE','6941752904250','3923','',NULL,30.00,18.00,0.00,16.00,25.00,'',0.00,288.00,0),
(1233,172,1351,'ARTLINE SCALE 30CM','8902982001032','NA','',NULL,120.00,10.00,0.00,9.00,12.00,'',0.00,90.00,0),
(1234,172,4280,'NATARAJ SCALE 15CM','6942715457158','3923','',NULL,50.00,10.00,0.00,41.00,5.00,'',0.00,410.00,0),
(1235,172,4281,'DOMS SUPER DARK','6943510774358','3923','',NULL,70.00,5.00,0.00,50.00,7.00,'',0.00,250.00,0),
(1236,172,4282,'DOMS ZOOM PANCIL','6943661307504','3923','',NULL,60.00,5.00,0.00,40.00,6.00,'',0.00,200.00,0),
(1237,172,4283,'NATRAJ PANCIL','6943745034074','3923','',NULL,50.00,3.00,0.00,40.00,50.00,'',0.00,120.00,0),
(1238,172,4284,'APSARA ERASER','6943931450916','3923','',NULL,100.00,20.00,0.00,80.00,5.00,'',0.00,1600.00,0),
(1239,172,4285,'DOMS PENCIL SHARPENERS','8908000034259','3923','',NULL,100.00,2.00,0.00,65.00,5.00,'',0.00,130.00,0),
(1240,172,4286,'DOMS PANCIL COLOUR','8906073772023','3923','',NULL,200.00,2.00,0.00,140.00,180.00,'',0.00,280.00,0),
(1241,172,4287,'DOMS OIL PASTELS 25 ASSORTED','6945259043474','3923','',NULL,98.00,3.00,0.00,65.00,90.00,'',0.00,195.00,0),
(1242,172,4288,'DOMS OIL PASTELS B','8908004279113','3923','',NULL,120.00,3.00,0.00,80.00,110.00,'',0.00,240.00,0),
(1243,173,2689,'HIMALAYA NEEM FACE WASH 100ML','8901138512460','33049990','202600178',NULL,189.00,3.00,0.00,154.13,180.00,'',18.00,462.39,1),
(1244,173,2691,'HIMLAYA NEEM FACE WASH 50ML','8901138512187','33049990','202600250',NULL,90.00,3.00,0.00,73.96,85.50,'',18.00,221.89,1),
(1268,175,4266,'PATANJALI DANT KANTI 100GM','8904422714328','33061020','BACKG033','2028-03-01',56.00,12.00,0.00,47.52,56.00,'',5.00,570.24,1),
(1269,175,929,'SAUNDARIYA FACEWASH 60G','8904422708075','34013090','BABW051','2027-12-12',70.00,2.00,0.00,50.62,68.00,'',18.00,101.24,1),
(1270,175,914,'PATANJALI SUPER BAR  10/-','8904422710153','34011941','BAAXY71',NULL,10.00,12.00,0.00,7.85,10.00,'',18.00,94.20,1),
(1271,175,912,'PATANJALI ALOVER JAL','8904422710399','NA','BACCG260003','2027-11-01',110.00,6.00,0.00,77.89,105.00,'',18.00,467.33,1),
(1272,175,913,'ALOVERA GEL 60ML','8904422710382','33049910','BACCF260034','2028-01-01',52.25,6.00,0.00,34.53,52.25,'',18.00,207.16,1),
(1284,174,4289,'RC CAR COMPE7E','6948364509361','9503','',NULL,1999.00,1.00,0.00,455.00,899.00,'',0.00,455.00,0),
(1285,174,4290,'CLAASIC TRAIN','6948933320489','9503','',NULL,1999.00,1.00,0.00,450.00,999.00,'',0.00,450.00,0),
(1286,174,4294,'MAGNETIC CHESS','6951552748510','9503','',NULL,330.00,1.00,0.00,105.00,150.00,'',0.00,105.00,0),
(1287,174,4293,'BUSINESS GAME','6951462747016','9504','',NULL,230.00,1.00,0.00,72.00,149.00,'',0.00,72.00,0),
(1288,174,4292,'PUBG GUN','6951336763371','9503','',NULL,499.00,1.00,0.00,220.00,290.00,'',0.00,220.00,0),
(1289,174,4300,'FUNNY TOY HAPPY','6952236062601','9503','',NULL,200.00,1.00,0.00,50.00,100.00,'',0.00,50.00,0),
(1290,174,4299,'MOTORCYCLE BIKE','6952140712906','9503','',NULL,399.00,1.00,0.00,105.00,150.00,'',0.00,105.00,0),
(1291,174,4298,'PVC LUDO','6952062329640','9504','',NULL,150.00,1.00,0.00,60.00,100.00,'',0.00,60.00,0),
(1292,174,4296,'TOP MODEL BIKE','6951816392619','9503','',NULL,399.00,2.00,0.00,100.00,150.00,'',0.00,200.00,0),
(1293,174,4295,'PHANTOM GUN','6951731220233','9503','',NULL,450.00,1.00,0.00,105.00,150.00,'',0.00,105.00,0),
(1294,174,4297,'DANCING CACTUS','6951966656968','9503','',NULL,599.00,1.00,0.00,150.00,299.00,'',0.00,150.00,0),
(1295,174,4301,'TABLE FAN','6952638141737','9503','',NULL,599.00,1.00,0.00,150.00,249.00,'',0.00,150.00,0),
(1296,176,4291,'GODREJ GOOD KNIGHT','8901023030321','33059040','BA2604053','2028-01-01',35.00,6.00,0.00,24.23,35.00,'',18.00,145.36,1),
(1297,176,3481,'GOOD NIGHT COIL','8901023030314','38089191','NH2604081','2028-01-01',45.00,6.00,0.00,16.87,40.00,'',18.00,101.22,1),
(1298,176,3511,'GOOD KNIGHT FABRIC ROLL -ON','8901023015021','38089191','BP016','2027-09-09',85.00,8.00,0.00,60.94,83.00,'',18.00,487.53,1),
(1299,176,3482,'GOOD NIGHT AGARBATTI 1','8901023029813','38089191','CA2604051','2028-01-01',120.00,6.00,0.00,82.00,110.00,'',18.00,492.00,1),
(1300,176,2632,'HIT RED 400GM','8901157025194','38089199','EA2603272A','2028-02-02',280.00,2.00,0.00,213.56,250.00,'',18.00,427.12,1),
(1301,176,2625,'GODREJ AER SPPRAY ROSE','8901157045093','33074900','SC2603243039S','2028-03-01',99.00,2.00,0.00,67.14,90.00,'',18.00,134.28,1),
(1302,176,4302,'GODREJ AER SPRAY LAVENDER BLOOM','8901023012884','33074900','SC2601152036S','2028-01-01',99.00,2.00,0.00,67.14,90.00,'',18.00,134.28,1),
(1303,176,4303,'GODREJ AER SPRAY MYSTIC MUSK','8901157045147','33074900','SC2601222020S','2028-01-01',99.00,2.00,0.00,67.14,90.00,'',18.00,134.28,1),
(1304,176,2623,'GODREJ AER SPPRAY COOL','8901157045116','NA','SC2602122035S','2028-01-01',99.00,2.00,0.00,67.14,90.00,'',18.00,134.28,1),
(1305,176,2624,'GODREJ AER SPPRAY FOREST','8901157045109','NA','SC2603283025S','2028-01-01',99.00,2.00,0.00,67.14,90.00,'',18.00,134.28,1),
(1306,176,3513,'GODREJ AER SPPRAY JASMINE','8901023012877','','A260224308A','2028-01-01',99.00,2.00,0.00,67.14,90.00,'',18.00,134.28,1),
(1307,176,3488,'GODREJ SELFIE SHAMPOO 15/-','8901023029486','NA','260413 1A','2028-03-01',15.00,10.00,0.00,9.78,15.00,'',18.00,97.76,1),
(1308,176,4304,'GODREJ POWER POCKET','8901023025082','33074900','SI2603124A','2028-01-01',70.00,6.00,0.00,48.05,65.00,'',18.00,288.30,1),
(1309,176,3497,'GODREJ POWER POCKET JASMINE 10G','8901023025846','33074900','SI2603313B','2028-01-01',70.00,6.00,0.00,48.05,65.00,'',18.00,288.30,1),
(1310,176,4305,'GODREJ POWER POCKET BERRY RUSH','8901023025068','33074900','SI2603194A','2028-01-01',70.00,6.00,0.00,48.05,65.00,'',18.00,288.30,1),
(1311,176,4306,'GODREJ POWER POCKET ROSE FRESH BLOSSOM','8901023025075','33074900','SI2604023A','2028-01-01',70.00,6.00,0.00,48.05,65.00,'',18.00,288.30,1),
(1312,176,3495,'GODREJ POWER POCKET LOMON  10G','8901023028434','33074900','SI2603193A','2028-02-01',70.00,6.00,0.00,48.05,65.00,'',18.00,288.30,1),
(1313,176,3498,'GOODREJ POWER POCKET LAVENDER 10G','8901023025181','33074900','SI2603211C','2028-01-01',70.00,6.00,0.00,48.05,65.00,'',18.00,288.30,1),
(1314,176,3493,'CINTHOL COOL SOAP 10/-','8901023028519','34011190','4C14H','2028-01-01',10.00,24.00,0.00,8.38,10.00,'',18.00,201.14,1),
(1325,177,253,'SURF EXCEL 3KG','8909106011038','34025000','M-15',NULL,360.00,1.00,0.00,332.22,360.00,'',18.00,332.22,1),
(1326,177,169,'SURF EXCEL EASY WASH 99/-','8909106035980','34025000','M-6A',NULL,99.00,6.00,0.00,84.30,95.00,'',18.00,505.80,1),
(1327,177,213,'SURF EXCEL EASY WASH 1KG','8909106025554','34025000','M-8B',NULL,135.00,6.00,0.00,127.78,135.00,'',18.00,766.69,1),
(1328,177,176,'WHEEL 800gm','8909106035126','34025000','',NULL,64.00,8.00,0.00,57.01,60.00,'',18.00,456.07,1),
(1329,177,3279,'SUNLIGHT 500GM','8901030959257','34025000','M-22A',NULL,54.00,20.00,0.00,49.01,50.00,'',18.00,980.10,1),
(1330,177,4307,'SURF EXCEL 70G','8909106071117','34025000','',NULL,10.00,60.00,0.00,8.77,10.00,'',18.00,526.33,1),
(1331,177,3451,'SURF EXCEL MATIC TOP LOAD 500ML','8901030695490','NA','B.176',NULL,135.00,3.00,0.00,125.00,130.00,'',18.00,375.00,1),
(1332,177,3261,'HORLICKS 200 GM JAR','8901030976087','19019090','3285A6B','2027-06-27',99.00,4.00,0.00,90.29,95.00,'',5.00,361.17,1),
(1333,177,159,'DOVE 40/-','8909106041868','34011190','163','2028-08-27',40.00,12.00,0.00,35.19,40.00,'',5.00,422.28,1),
(1334,177,3439,'DOVE 50G','8901030712999','34011190','2C8','2028-09-02',25.00,12.00,0.00,22.27,24.00,'',5.00,267.27,1),
(1335,177,97,'LUX ULTIMATE GLOW JASMINE','8909106068070','34011190','4C4','2028-10-01',10.00,12.00,0.00,8.95,10.00,'',5.00,107.45,1),
(1336,177,4308,'BOOST MILKSHAKE 180ML','8901030975530','22029930','SB6007FA3','2026-10-06',35.00,6.00,0.00,28.91,35.00,'',5.00,173.48,1),
(1337,177,111,'BOOST MILKSHAKE CARAMEL','8909106061439','22029930','SB6058HB3','2026-11-26',40.00,3.00,0.00,33.04,35.00,'',5.00,99.13,1),
(1338,177,4309,'VIM 0.15ML','8909106017931','34025000','B680/3A2',NULL,20.00,36.00,0.00,17.96,20.00,'',18.00,646.44,1),
(1339,177,4310,'TRESEMME KERATIN  SHAMPOO 180ML','8909106081987','33051090','B033','2029-02-02',172.00,2.00,0.00,140.73,160.00,'',5.00,281.46,1),
(1340,177,209,'KERATIN SMOOTH 85 ML','8909106026124','33051090','B006','2028-12-12',65.00,2.00,0.00,53.18,63.00,'',5.00,106.36,1),
(1341,177,123,'HORLICKS  MILKSHAKE 20/-','8909106055681','22029930','BHO26B060','2026-08-06',20.00,3.00,0.00,17.39,20.00,'',5.00,52.17,1),
(1342,177,4311,'HORLICKS MILKSHAKE 125ML','8909106061422','22029930','BHM26B1101','2026-08-11',20.00,3.00,0.00,17.39,20.00,'',5.00,52.17,1),
(1343,177,221,'SUNSILK BLACK SHINE SHAMPOO 80ML','8909106023741','33051090','USP','2029-02-02',54.00,2.00,0.00,44.18,52.00,'',5.00,88.36,1),
(1344,177,3270,'RIN BAR 15GM','8901030968242','34011930','2A8',NULL,10.00,24.00,0.00,9.26,10.00,'',18.00,222.23,1),
(1345,177,4312,'LUX 41G','8909106076051','34011190','1287',NULL,10.00,24.00,0.00,8.70,10.00,'',5.00,208.88,1),
(1346,177,4313,'SUNSILK SOFT&SMOOTH SHAMPOO 80ML','8901030827440','33051090','B03','2027-04-01',57.00,2.00,0.00,46.64,55.00,'',5.00,93.27,1),
(1347,171,4257,'BOURN VITA 500gm','7622202846892','19019090','R60313B2','2027-03-12',249.00,3.00,0.00,223.64,240.00,'',5.00,670.92,1),
(1348,171,3762,'CDM BIG B 105G RS.98/-','7622202346385','18063200','A60222 B6','2027-02-21',98.00,5.00,0.00,86.62,98.00,'',5.00,433.12,1),
(1349,171,4258,'DAIRY MILK MILKINIS','7622202847622','18063100','J60319 A','2026-12-13',36.00,12.00,0.00,32.14,36.00,'',5.00,385.71,1),
(1350,171,4259,'DAIRY MILK SILK ROAST ALMOND','7622202842399','18063200','K60317','2027-03-16',100.00,2.00,0.00,89.29,100.00,'',5.00,178.57,1),
(1351,171,3793,'CDM SILK CHOCOLATE  55G RS.95','7622202325878','18063200','K60227 B3','2027-02-26',89.00,2.00,0.00,79.46,89.00,'',5.00,158.92,1),
(1352,171,4209,'DAIRY MILK FRUIT & NUT','7622202842368','18063200','K60323 C1','2027-03-22',100.00,2.00,0.00,89.28,100.00,'',5.00,178.56,1),
(1353,171,3796,'CDM FRUIT & NUT 36G RS.55 MP','7622202324871','18063200','K60328 C8','2027-03-27',49.00,2.00,0.00,43.75,49.00,'',5.00,87.49,1),
(1354,171,3747,'FIVESTER 5/-','7622202818431','18063100','A60316','2026-12-15',5.00,54.00,0.00,4.55,5.00,'',5.00,245.47,1),
(1355,171,3835,'TANG MANGO 500G','7622202051623','','SN60129B3','2027-07-28',150.00,6.00,0.00,129.55,145.00,'',5.00,777.28,1),
(1356,171,3836,'TANG LEMON 500G','7622202051609','21069050','SN60105B5','2027-07-04',150.00,6.00,0.00,129.55,145.00,'',5.00,777.28,1),
(1357,171,3834,'TANG ORANGE 500G','7622202051647','','SN60111B3','2027-07-10',150.00,6.00,0.00,129.55,145.00,'',5.00,777.28,1),
(1358,171,4260,'BOURN VITA JAR 500GM','7622202846878','19019090','R60327C3','2027-03-26',263.00,2.00,0.00,236.22,255.00,'',5.00,472.43,1),
(1359,171,3841,'TANG ORANGE 75G','7622201763367','21069050','SN60110B4','2027-07-09',26.00,6.00,0.00,22.45,26.00,'',5.00,134.67,1),
(1360,171,3839,'TANG MANGO 75G','7622201763404','21069050','SN60327A3','2027-09-26',26.00,6.00,0.00,22.45,26.00,'',5.00,134.67,1),
(1361,171,3840,'TANG LEMON 75G','7622201763381','21069050','SN60213B8','2027-08-12',26.00,6.00,0.00,22.45,30.00,'',5.00,134.67,1),
(1380,125,4204,'EVEREST CORIANDER POWDER500','8901786435012','090922','P270703731','2026-12-01',190.00,4.00,0.00,158.50,180.00,'',5.00,633.98,1),
(1381,125,1498,'EVEREST TIKHALAL CHILLI POWDER 500G','8901786395019','090422','K11D708963','2027-01-01',290.00,4.00,0.00,241.50,256.50,'',5.00,966.00,1),
(1382,125,1506,'EVEREST CUMIN POWDER 100G','8901786241019','090932','U06DA717168','2026-08-01',91.00,10.00,0.00,76.50,85.00,'',5.00,765.02,1),
(1383,125,1505,'EVEREST BLACK PEPPER 50GM','8901786260508','09041140','U14D720083','2027-08-01',92.00,10.00,0.00,77.30,85.00,'',5.00,773.02,1),
(1384,125,1519,'EVEREST CHAAT MASALA 50GM','8901786060504','09109990','U24D713953','2027-07-01',45.00,10.00,0.00,37.80,44.00,'',5.00,378.00,1),
(1385,125,1504,'EVEREST DRY MANGO 50G','8901786270507','09109100','U14N720492','2027-05-01',50.00,10.00,0.00,42.00,50.00,'',5.00,420.00,1),
(1386,125,4205,'EVEREST DRY GINGER','8901786340507','091012','U09D697987','2027-03-01',47.00,10.00,0.00,39.50,47.00,'',5.00,395.00,1),
(1387,125,1492,'EVEREST  TURMERIC POWDER 500G','8901786425013','091030','P15D720414','2027-05-01',230.00,4.00,0.00,191.50,200.00,'',5.00,766.00,1),
(1388,125,1502,'EVEREST SAFFRON RS 20','8901786380503','NA','720637','2027-02-01',25.00,20.00,0.00,16.00,25.00,'',5.00,320.04,1),
(1389,125,1512,'EVEREST SHAHI BRIYANI MASALA 25GM','8901786140251','NA','U16D720114','2027-05-01',43.00,10.00,0.00,36.10,42.00,'',5.00,361.00,1),
(1390,125,1490,'EVEREST CORIANDER POWDER','8901786431014','090922','P13D710015','2027-01-01',40.00,10.00,0.00,33.30,40.00,'',5.00,332.96,1),
(1391,125,1494,'EVEREST TURMERIC POWDER 100G','8901786421015','091030','P06D706517','2027-04-01',46.00,10.00,0.00,38.30,45.00,'',5.00,383.00,1),
(1392,125,1500,'EVEREST TIKHALAL CHILLI POWDER 100G','8901786391011','090422','P08D707736','2027-01-01',60.00,10.00,0.00,50.00,60.00,'',5.00,500.00,1),
(1393,125,1513,'EVEREST SABJI MASALA 50GM','8901786130504','09109990','U19N712154','2027-04-01',39.00,10.00,0.00,32.80,38.00,'',5.00,328.02,1),
(1394,125,1485,'EVEREST GINGER GARLIC PASTE 5/-','8901786760251','21039010','U07D717595','2027-02-01',5.00,120.00,0.00,3.50,5.00,'',5.00,419.58,1),
(1395,125,4206,'EVEREST KASHMIRILAL 8P','ITMMNZPSXZR','09042211','P11N718720','2027-02-01',10.00,60.00,0.00,8.40,10.00,'',5.00,504.00,1),
(1396,125,4207,'EVEREST BLACK PEPPER','ITMMNZQ0BCV','09041200','U09D717542','2027-08-01',10.00,60.00,0.00,8.40,10.00,'',5.00,504.00,1),
(1397,125,4208,'EVEREST SHAHI GARAM MASALA','ITMMNZQ3MSJ','09109100','U03DA696472','2027-03-01',6.00,60.00,0.00,5.00,6.00,'',5.00,299.88,1),
(1398,129,2782,'SAFFOLA OATS SOFT CREAMY 500GM','8901088155496','11041200','AA0326KK16','2027-03-15',99.00,3.00,0.00,82.50,95.00,'',5.00,247.51,1),
(1399,129,2800,'SAFFOLA OATS SOFT & CREAMY 200GM','8901088071277','11041200','AI0326II13','2027-03-13',60.00,3.00,0.00,54.55,60.00,'',5.00,163.65,1),
(1400,129,2785,'PARACHUIT GOLD COCONUT OIL','8901088150712','33059011','FHDO35','2028-03-03',285.00,2.00,0.00,255.00,254.61,'',5.00,510.00,1),
(1401,129,2761,'PARACHUT COCONUT OIL 175ML','8901088726016','33059011','FHD289','2020-02-02',107.00,3.00,0.00,96.30,96.22,'',5.00,288.90,1),
(1402,129,2760,'PARACHUTE COCONUT HAIR OIL GOLD 100ML','8901088726023','33059011','FHD286','2028-02-02',61.00,3.00,0.00,54.87,60.00,'',5.00,164.61,1),
(1403,129,2814,'NIHAR NATURALS 200ML','8901088028080','33059011','GG234G','2028-02-02',81.00,3.00,0.00,72.32,80.00,'',5.00,216.96,1),
(1414,162,1289,'WILD STONE CHROME PERFUME','8904006302521','96032900','BWCH052','2028-07-07',275.00,3.00,0.00,185.33,233.75,'',18.00,555.99,1),
(1415,162,4234,'SECRET ROMANCE 150ML','8904006307052','3303','BSRN0026','2029-01-01',399.00,2.00,0.00,242.88,339.15,'',18.00,485.76,1),
(1416,162,1294,'WILD STONE ULTRA SENSUAL 50ML','8904006302439','3303','BWSUS090','2028-11-11',425.00,1.00,0.00,221.73,361.25,'',18.00,221.73,1),
(1417,162,1228,'SECRET AURA 150ML','8904006314661','3307','C250846','2028-08-08',220.00,2.00,0.00,130.09,187.00,'',18.00,260.17,1),
(1418,162,1265,'WILD STONE EDGE 50ML','8904006306598','3303','BWSED122','2028-11-11',425.00,2.00,0.00,221.75,361.25,'',18.00,443.49,1),
(1419,178,2308,'MYSRE SNDL SP 150Gm','8901287100419','34011190','','2029-01-01',75.00,6.00,0.00,66.64,75.00,'',5.00,399.83,1),
(1420,178,2307,'MYSORE SANDAL GOLD 72 PER G','8901287101010','NA','','2029-03-01',82.00,6.00,0.00,70.56,85.50,'',5.00,423.35,1),
(1421,178,4314,'SUTHOL CHANDAN 200ML','8901531700358','','CD161','2028-12-01',85.00,3.00,0.00,72.99,80.00,'',5.00,218.98,1),
(1422,178,1941,'SUTHOL 100ML NEEM','8901531700303','30049011','SU005','2029-02-02',47.00,6.00,0.00,40.50,45.00,'',5.00,243.00,1),
(1423,178,1948,'BOROLINE ULTRA SMOOTH 20G','8901531300091','30049011','AU503','2028-11-11',56.00,6.00,0.00,48.00,55.00,'',5.00,287.98,1),
(1424,178,1947,'BOROLINE 40GM','8901531300107','30049011','AU499','2028-11-11',94.00,4.00,0.00,80.00,90.00,'',5.00,320.00,1),
(1425,179,2813,'NIHAR NATURALS 400ML','8901088028097','3305','GG035','2029-04-04',170.00,2.00,0.00,150.85,160.00,'',5.00,301.69,1),
(1426,179,2761,'PARACHUT COCONUT OIL 175ML','8901088726016','33059011','FHD250','2027-08-02',107.00,3.00,0.00,96.22,105.00,'',5.00,288.66,1),
(1427,179,2770,'PARACHUTE JASMINE HAIR OIL 45ML','8901088712101','33059011','GGO11','2029-04-04',20.00,6.00,0.00,15.77,20.00,'',5.00,94.59,1),
(1428,179,2760,'PARACHUTE COCONUT HAIR OIL GOLD 100ML','8901088726023','33059011','FHD019','2027-08-03',61.00,3.00,0.00,54.87,60.00,'',5.00,164.61,1),
(1429,179,4315,'SET WET HAIR GEL 100G','8901088062480','33059030','8044','2028-08-08',100.00,2.00,0.00,90.91,98.00,'',18.00,181.82,1);
/*!40000 ALTER TABLE `purchase_bill_items` ENABLE KEYS */;
UNLOCK TABLES;
COMMIT;
SET AUTOCOMMIT=@OLD_AUTOCOMMIT;

--
-- Table structure for table `purchase_payments`
--

DROP TABLE IF EXISTS `purchase_payments`;
/*!40101 SET @saved_cs_client     = @@character_set_client */;
/*!40101 SET character_set_client = utf8mb4 */;
CREATE TABLE `purchase_payments` (
  `id` int(11) NOT NULL AUTO_INCREMENT,
  `distributor_id` int(11) NOT NULL,
  `purchase_id` int(11) DEFAULT NULL,
  `pay_date` date NOT NULL,
  `mode` enum('Cash','UPI','Card','Bank','Cheque','Other') NOT NULL DEFAULT 'Cash',
  `amount` decimal(12,2) NOT NULL DEFAULT 0.00,
  `reference_no` varchar(100) DEFAULT NULL,
  `note` varchar(255) DEFAULT NULL,
  `created_at` timestamp NOT NULL DEFAULT current_timestamp(),
  PRIMARY KEY (`id`),
  KEY `idx_pay_distributor` (`distributor_id`),
  KEY `idx_pay_purchase` (`purchase_id`),
  KEY `idx_pay_date` (`pay_date`),
  CONSTRAINT `fk_pay_distributor` FOREIGN KEY (`distributor_id`) REFERENCES `distributors` (`id`) ON DELETE CASCADE,
  CONSTRAINT `fk_pay_purchase` FOREIGN KEY (`purchase_id`) REFERENCES `purchase_bills` (`id`) ON DELETE SET NULL
) ENGINE=InnoDB AUTO_INCREMENT=180 DEFAULT CHARSET=utf8mb4 COLLATE=utf8mb4_general_ci;
/*!40101 SET character_set_client = @saved_cs_client */;

--
-- Dumping data for table `purchase_payments`
--

SET @OLD_AUTOCOMMIT=@@AUTOCOMMIT, @@AUTOCOMMIT=0;
LOCK TABLES `purchase_payments` WRITE;
/*!40000 ALTER TABLE `purchase_payments` DISABLE KEYS */;
INSERT INTO `purchase_payments` VALUES
(77,13,93,'2026-04-05','Cash',160.00,'','','2026-04-05 10:24:42'),
(78,13,92,'2026-04-05','UPI',100.00,'','','2026-04-05 10:25:21'),
(79,14,94,'2026-04-05','UPI',1000.00,'','','2026-04-05 13:41:31'),
(80,14,95,'2026-04-05','Cash',200.00,'','','2026-04-05 13:51:06'),
(81,15,96,'2026-04-05','Cash',980.00,'','','2026-04-05 14:08:11'),
(92,22,104,'2026-04-08','Cash',8611.00,'','','2026-04-08 19:17:17'),
(93,20,99,'2026-04-06','Cash',8584.00,'','','2026-04-09 08:27:13'),
(96,23,102,'2026-04-08','Cash',640.00,'','','2026-04-09 09:51:07'),
(98,21,100,'2026-04-07','Cash',1124.00,'','','2026-04-09 09:53:01'),
(100,25,106,'2026-04-10','Cash',1207.00,'','','2026-04-10 04:56:53'),
(103,30,109,'2026-04-10','Cash',779.00,'','','2026-04-10 06:23:18'),
(113,21,119,'2026-04-14','Cash',541.00,'','','2026-04-14 09:26:43'),
(115,40,121,'2026-04-14','Cash',6260.00,'','','2026-04-14 12:48:35'),
(117,44,123,'2026-04-15','Cash',612.00,'','','2026-04-15 03:32:54'),
(120,22,126,'2026-04-16','Cash',6192.00,'','','2026-04-16 13:27:00'),
(129,50,156,'2026-04-17','Cash',4976.00,'','','2026-04-17 15:27:33'),
(130,15,159,'2026-04-18','Cash',723.00,'','','2026-04-18 07:08:16'),
(132,57,160,'2026-04-18','Cash',6680.00,'','','2026-04-18 09:14:11'),
(136,22,101,'2026-04-08','Cash',5855.00,'','','2026-04-19 15:48:50'),
(139,13,124,'2026-04-15','Cash',621.00,'','','2026-04-19 15:57:00'),
(141,16,97,'2026-04-06','Cash',500.00,'','','2026-04-19 16:02:30'),
(142,19,98,'2026-04-06','Cash',1000.00,'','','2026-04-19 16:04:22'),
(144,25,112,'2026-04-11','Cash',2000.00,'','','2026-04-19 16:20:50'),
(147,34,115,'2026-04-13','Cash',1000.00,'','','2026-04-19 16:22:16'),
(148,20,116,'2026-04-13','Cash',302.00,'','','2026-04-19 16:23:07'),
(149,35,117,'2026-04-14','Cash',551.00,'','','2026-04-19 16:26:02'),
(151,21,168,'2026-04-21','Cash',378.00,'','','2026-04-21 08:15:05'),
(152,33,114,'2026-04-12','Cash',1647.00,'','','2026-04-22 08:39:00'),
(153,33,113,'2026-04-12','Cash',1247.00,'','','2026-04-22 08:40:01'),
(155,22,170,'2026-04-22','Cash',4955.00,'','','2026-04-22 12:55:26'),
(162,63,172,'2026-04-23','Cash',10484.00,'','','2026-04-23 12:06:48'),
(163,29,173,'2026-04-23','Cash',684.00,'','','2026-04-23 12:28:54'),
(170,65,174,'2026-04-23','Cash',2122.00,'','','2026-04-23 13:58:34'),
(171,66,176,'2026-04-23','Cash',5295.00,'','','2026-04-23 17:28:14'),
(173,22,171,'2026-04-22','Cash',5547.00,'','','2026-04-24 06:49:22'),
(175,45,125,'2026-04-15','Cash',3000.00,'','','2026-04-24 07:50:27'),
(176,48,129,'2026-04-17','Cash',1592.00,'','','2026-04-24 07:51:56'),
(178,14,162,'2026-04-18','Cash',2321.00,'','','2026-04-24 08:33:46'),
(179,41,178,'2026-04-24','Cash',1893.00,'','','2026-04-24 08:56:48');
/*!40000 ALTER TABLE `purchase_payments` ENABLE KEYS */;
UNLOCK TABLES;
COMMIT;
SET AUTOCOMMIT=@OLD_AUTOCOMMIT;
/*!40103 SET TIME_ZONE=@OLD_TIME_ZONE */;

/*!40101 SET SQL_MODE=@OLD_SQL_MODE */;
/*!40014 SET FOREIGN_KEY_CHECKS=@OLD_FOREIGN_KEY_CHECKS */;
/*!40014 SET UNIQUE_CHECKS=@OLD_UNIQUE_CHECKS */;
/*!40101 SET CHARACTER_SET_CLIENT=@OLD_CHARACTER_SET_CLIENT */;
/*!40101 SET CHARACTER_SET_RESULTS=@OLD_CHARACTER_SET_RESULTS */;
/*!40101 SET COLLATION_CONNECTION=@OLD_COLLATION_CONNECTION */;
/*M!100616 SET NOTE_VERBOSITY=@OLD_NOTE_VERBOSITY */;

-- Dump completed on 2026-04-24 11:42:35
